<rspec xmlns="http://www.geni.net/resources/rspec/3" xmlns:emulab="http://www.protogeni.net/resources/rspec/ext/emulab/1" xmlns:tour="http://www.protogeni.net/resources/rspec/ext/apt-tour/1" xmlns:jacks="http://www.protogeni.net/resources/rspec/ext/jacks/1" xmlns:xsi="http://www.w3.org/2001/XMLSchema-instance" xsi:schemaLocation="http://www.geni.net/resources/rspec/3    http://www.geni.net/resources/rspec/3/request.xsd" type="request">
<node xmlns="http://www.geni.net/resources/rspec/3" client_id="webserver1">
<icon xmlns="http://www.protogeni.net/resources/rspec/ext/jacks/1" url="https://portal.geni.net/images/VM-noTxt-centered.svg"/>
<site xmlns="http://www.protogeni.net/resources/rspec/ext/jacks/1" id="Site 1"/>
<sliver_type xmlns="http://www.geni.net/resources/rspec/3" name="default-vm"/>
<services xmlns="http://www.geni.net/resources/rspec/3"/>
<interface xmlns="http://www.geni.net/resources/rspec/3" client_id="interface-2"/>
</node>
<node xmlns="http://www.geni.net/resources/rspec/3" client_id="webserver2">
<icon xmlns="http://www.protogeni.net/resources/rspec/ext/jacks/1" url="https://portal.geni.net/images/VM-noTxt-centered.svg"/>
<site xmlns="http://www.protogeni.net/resources/rspec/ext/jacks/1" id="Site 1"/>
<sliver_type xmlns="http://www.geni.net/resources/rspec/3" name="default-vm"/>
<services xmlns="http://www.geni.net/resources/rspec/3"/>
<interface xmlns="http://www.geni.net/resources/rspec/3" client_id="interface-0"/>
</node>
<node xmlns="http://www.geni.net/resources/rspec/3" client_id="Router">
<icon xmlns="http://www.protogeni.net/resources/rspec/ext/jacks/1" url="https://portal.geni.net/images/VM-noTxt-centered.svg"/>
<site xmlns="http://www.protogeni.net/resources/rspec/ext/jacks/1" id="Site 1"/>
<sliver_type xmlns="http://www.geni.net/resources/rspec/3" name="default-vm"/>
<services xmlns="http://www.geni.net/resources/rspec/3"/>
<interface xmlns="http://www.geni.net/resources/rspec/3" client_id="interface-1"/>
<interface xmlns="http://www.geni.net/resources/rspec/3" client_id="interface-3"/>
</node>
<node xmlns="http://www.geni.net/resources/rspec/3" client_id="client1">
<icon xmlns="http://www.protogeni.net/resources/rspec/ext/jacks/1" url="https://portal.geni.net/images/VM-noTxt-centered.svg"/>
<site xmlns="http://www.protogeni.net/resources/rspec/ext/jacks/1" id="Site 1"/>
<sliver_type xmlns="http://www.geni.net/resources/rspec/3" name="default-vm"/>
<services xmlns="http://www.geni.net/resources/rspec/3"/>
<interface xmlns="http://www.geni.net/resources/rspec/3" client_id="interface-4"/>
</node>
<node xmlns="http://www.geni.net/resources/rspec/3" client_id="client2">
<icon xmlns="http://www.protogeni.net/resources/rspec/ext/jacks/1" url="https://portal.geni.net/images/VM-noTxt-centered.svg"/>
<site xmlns="http://www.protogeni.net/resources/rspec/ext/jacks/1" id="Site 1"/>
<sliver_type xmlns="http://www.geni.net/resources/rspec/3" name="default-vm"/>
<services xmlns="http://www.geni.net/resources/rspec/3"/>
<interface xmlns="http://www.geni.net/resources/rspec/3" client_id="interface-5"/>
</node>
<link xmlns="http://www.geni.net/resources/rspec/3" client_id="link-0">
<interface_ref xmlns="http://www.geni.net/resources/rspec/3" client_id="interface-0"/>
<interface_ref xmlns="http://www.geni.net/resources/rspec/3" client_id="interface-1"/>
<interface_ref xmlns="http://www.geni.net/resources/rspec/3" client_id="interface-2"/>
<site xmlns="http://www.protogeni.net/resources/rspec/ext/jacks/1" id="undefined"/>
</link>
<link xmlns="http://www.geni.net/resources/rspec/3" client_id="link-1">
<interface_ref xmlns="http://www.geni.net/resources/rspec/3" client_id="interface-3"/>
<interface_ref xmlns="http://www.geni.net/resources/rspec/3" client_id="interface-4"/>
<interface_ref xmlns="http://www.geni.net/resources/rspec/3" client_id="interface-5"/>
<site xmlns="http://www.protogeni.net/resources/rspec/ext/jacks/1" id="undefined"/>
</link>
</rspec>