{
  "project_info": {
    "project_number": "879022680153",
    "project_id": "friendly-eats-d6b8f",
    "storage_bucket": "friendly-eats-d6b8f.appspot.com"
  },
  "client": [
    {
      "client_info": {
        "mobilesdk_app_id": "1:879022680153:android:fc2ca343535d503d7a2948",
        "android_client_info": {
          "package_name": "com.google.firebase.example.fireeats"
        }
      },
      "oauth_client": [],
      "api_key": [
        {
          "current_key": "AIzaSyAbOuOy9cS9WUQ2TE3u0YD2aT-TZ0jgS0M"
        }
      ],
      "services": {
        "appinvite_service": {
          "other_platform_oauth_client": []
        }
      }
    }
  ],
  "configuration_version": "1"
}