      21,  -0.014588,   0.978881,   0.069035
      36,  -0.012879,   0.981688,   0.067326
      52,  -0.012757,   0.983886,   0.068913
      68,  -0.008973,   0.987548,   0.072331
      83,  -0.004700,   0.987182,   0.075383
      99,  -0.004212,   0.985961,   0.077703
     115,  -0.003601,   0.984252,   0.079290
     130,  -0.004456,   0.986571,   0.078435
     146,  -0.005188,   0.985229,   0.076848
     161,  -0.006287,   0.989868,   0.072819
     177,  -0.008362,   0.992675,   0.075871
     193,  -0.008973,   0.993896,   0.071477
     208,  -0.009705,   0.994506,   0.074528
     224,  -0.013001,   0.994018,   0.081365
     239,  -0.016786,   0.989135,   0.086370
     255,  -0.020692,   0.985106,   0.092718
     271,  -0.027895,   0.983520,   0.093328
     286,  -0.034121,   0.985351,   0.094427
     302,  -0.038760,   0.984618,   0.093939
     318,  -0.043277,   0.986571,   0.093817
     333,  -0.044009,   0.986205,   0.098944
     349,  -0.044497,   0.988158,   0.100897
     365,  -0.046573,   0.983520,   0.100653
     380,  -0.034487,   0.973997,   0.085760
     396,  -0.020082,   0.956907,   0.065739
     411,  -0.020814,   0.968016,   0.055851
     427,  -0.018006,   0.969603,   0.058170
     443,  -0.021669,   0.982055,   0.064030
     458,  -0.026674,   0.994629,   0.084417
     474,  -0.029848,   0.999756,   0.095038
     489,  -0.032900,   1.008423,   0.111152
     505,  -0.031191,   1.010377,   0.106391
     521,  -0.023012,   1.009156,   0.095038
     536,  -0.012147,   1.015626,   0.076604
     552,  -0.009949,   1.019288,   0.072819
     567,  -0.021547,   1.015748,   0.088567
     583,  -0.058292,   1.018556,   0.151560
     599,  -0.074528,   1.019899,   0.197339
     615,  -0.069035,   1.032961,   0.163767
     630,  -0.045474,   1.024171,   0.096258
     646,  -0.022890,   1.009034,   0.054508
     661,  -0.010071,   0.985106,   0.029848
     677,  -0.026552,   0.952756,   0.027651
     693,  -0.050235,   0.962400,   0.029482
     708,  -0.064518,   0.984740,   0.074284
     724,  -0.088201,   0.987914,   0.082952
     739,  -0.109199,   0.983397,   0.102118
     755,  -0.136300,   0.965940,   0.122139
     771,  -0.160837,   0.949704,   0.091986
     786,  -0.173534,   0.921748,   0.112128
     802,  -0.195630,   0.905268,   0.127754
     818,  -0.216627,   0.889764,   0.136666
     833,  -0.222120,   0.927974,   0.164011
     849,  -0.238235,   0.994262,   0.124092
     864,  -0.246170,   0.998901,   0.097113
     880,  -0.259476,   0.973143,   0.049014
     895,  -0.290728,   0.932491,   0.044986
     911,  -0.347739,   0.893670,   0.076238
     927,  -0.392663,   0.867424,   0.114692
     943,  -0.438076,   0.853995,   0.153879
     958,  -0.458097,   0.874138,   0.174266
     974,  -0.464689,   0.898309,   0.169017
     989,  -0.463468,   0.907831,   0.133614
    1005,  -0.468473,   0.897699,   0.075505
    1021,  -0.492157,   0.869865,   0.049625
    1036,  -0.511567,   0.825307,   0.048648
    1052,  -0.528658,   0.809437,   0.046206
    1067,  -0.533053,   0.795886,   0.062687
    1083,  -0.551608,   0.808094,   0.085271
    1099,  -0.577001,   0.815418,   0.117012
    1114,  -0.579686,   0.794421,   0.124580
    1130,  -0.570286,   0.766465,   0.104193
    1146,  -0.538668,   0.746567,   0.043154
    1161,  -0.519014,   0.745468,  -0.016542
    1177,  -0.501312,   0.738631,  -0.039248
    1192,  -0.480681,   0.759995,  -0.021058
    1208,  -0.476897,   0.774767,  -0.013978
    1223,  -0.498749,   0.741439,  -0.013368
    1239,  -0.535616,   0.707013,   0.021547
    1255,  -0.550266,   0.702252,   0.089422
    1271,  -0.537447,   0.754990,   0.094183
    1286,  -0.495819,   0.808582,   0.079045
    1302,  -0.464567,   0.855582,   0.080999
    1317,  -0.461271,   0.945431,   0.099310
    1333,  -0.466886,   1.018800,   0.131173
    1349,  -0.504120,   1.055667,   0.171947
    1364,  -0.528292,   1.001099,   0.146921
    1380,  -0.541354,   0.909540,   0.100287
    1395,  -0.549777,   0.829335,   0.090399
    1411,  -0.542941,   0.805774,   0.070500
    1427,  -0.536227,   0.830190,   0.070500
    1442,  -0.528169,   0.861808,   0.056339
    1458,  -0.563328,   0.829946,   0.040103
    1474,  -0.594702,   0.752304,   0.033632
    1489,  -0.625343,   0.667338,   0.040591
    1505,  -0.644510,   0.665263,   0.030825
    1520,  -0.651224,   0.679058,   0.018739
    1536,  -0.660258,   0.694561,   0.032778
    1552,  -0.676860,   0.692974,   0.037173
    1567,  -0.680156,   0.703717,   0.045474
    1583,  -0.663187,   0.749985,   0.049136
    1599,  -0.626198,   0.809925,   0.063419
    1614,  -0.587621,   0.849112,   0.030336
    1630,  -0.558323,   0.847159,   0.006653
    1645,  -0.516328,   0.840811,  -0.003601
    1661,  -0.494354,   0.881585,   0.035586
    1677,  -0.475554,   0.938595,   0.082586
    1692,  -0.452237,   0.965940,   0.081731
    1708,  -0.427699,   0.961912,   0.037417
    1723,  -0.402673,   0.940060,   0.015321
    1739,  -0.382775,   0.921626,  -0.004578
    1755,  -0.365318,   0.893182,  -0.023012
    1770,  -0.344931,   0.841055,  -0.033266
    1786,  -0.352011,   0.805164,  -0.005188
    1802,  -0.359946,   0.799670,   0.031679
    1817,  -0.346274,   0.849112,   0.077947
    1833,  -0.301349,   0.907343,   0.089666
    1848,  -0.258988,   0.935299,   0.061832
    1864,  -0.239211,   0.916987,   0.008729
    1880,  -0.235061,   0.870720,  -0.013001
    1895,  -0.230544,   0.883172,  -0.029726
    1911,  -0.202588,   0.953488,  -0.002503
    1926,  -0.196606,   0.976195,   0.032412
    1942,  -0.209302,   0.961790,   0.017396
    1958,  -0.221144,   0.916743,   0.018861
    1974,  -0.250198,   0.859855,   0.063786
    1989,  -0.274492,   0.875237,   0.130196
    2005,  -0.254593,   0.934078,   0.145822
    2020,  -0.206739,   0.954953,   0.115791
    2036,  -0.150095,   0.920649,   0.065617
    2051,  -0.107123,   0.851309,   0.005921
    2067,  -0.101508,   0.821644,  -0.002869
    2083,  -0.094427,   0.897943,   0.114692
    2099,  -0.072209,   0.984374,   0.196972
    2114,  -0.038393,   1.045535,   0.182934
    2130,  -0.004822,   1.051395,   0.155466
    2145,   0.034243,   1.024293,   0.128731
    2161,   0.047305,   0.994629,   0.084295
    2177,   0.057315,   0.946652,   0.033877
    2192,   0.028505,   0.948727,   0.146676
    2208,  -0.013856,   1.018068,   0.279253
    2223,  -0.038393,   1.053958,   0.301837
    2239,  -0.013001,   1.042605,   0.269487
    2255,   0.053897,   1.011842,   0.194653
    2270,   0.116035,   0.988036,   0.131417
    2286,   0.139840,   0.973143,   0.089788
    2302,   0.131295,   0.963865,   0.111396
    2317,   0.122871,   0.974608,   0.182323
    2333,   0.091253,   0.988281,   0.248489
    2348,   0.092718,   0.995483,   0.269120
    2364,   0.117988,   0.982909,   0.259598
    2379,   0.162424,   0.970823,   0.232741
    2395,   0.201611,   0.950559,   0.203687
    2411,   0.198804,   0.918818,   0.152170
    2427,   0.229323,   0.917964,   0.176463
    2442,   0.255448,   0.950681,   0.199414
    2458,   0.274248,   0.978514,   0.206250
    2473,   0.290484,   1.015016,   0.208448
    2489,   0.305133,   1.024049,   0.253617
    2505,   0.296832,   0.997314,   0.212843
    2520,   0.312458,   0.969847,   0.154367
    2536,   0.338338,   0.950314,   0.131783
    2552,   0.342245,   0.950925,   0.123360
    2567,   0.338949,   0.968138,   0.130928
    2583,   0.331868,   0.968260,   0.158396
    2598,   0.320393,   0.961301,   0.175365
    2614,   0.325154,   0.960569,   0.176585
    2630,   0.332479,   0.939083,   0.178172
    2645,   0.324788,   0.908930,   0.146188
    2661,   0.308796,   0.877068,   0.135323
    2676,   0.305988,   0.889031,   0.144357
    2692,   0.287554,   0.882317,   0.172069
    2707,   0.271318,   0.884148,   0.153147
    2724,   0.271318,   0.879265,   0.123482
    2739,   0.281572,   0.904657,   0.108222
    2755,   0.288165,   0.935177,   0.111762
    2770,   0.282915,   0.958249,   0.122993
    2786,   0.264481,   0.980956,   0.168650
    2801,   0.233718,   0.997681,   0.226393
    2817,   0.221022,   1.008301,   0.224806
    2833,   0.243118,   1.019288,   0.228591
    2848,   0.256058,   1.012208,   0.222243
    2864,   0.258133,   0.995849,   0.181347
    2879,   0.263017,   0.983397,   0.154245
    2895,   0.267411,   0.958738,   0.153391
    2911,   0.258988,   0.934811,   0.153757
    2926,   0.257035,   0.920405,   0.163279
    2942,   0.248123,   0.922114,   0.174754
    2958,   0.245437,   0.939083,   0.175853
    2973,   0.250565,   0.970701,   0.163401
    2989,   0.264359,   0.984252,   0.150705
    3004,   0.267900,   0.974608,   0.134347
    3020,   0.265702,   0.959470,   0.134469
    3035,   0.260209,   0.958127,   0.138986
    3057,   0.244217,   0.943112,   0.153513
    3072,   0.217604,   0.958494,   0.140939
    3088,   0.212354,   0.954343,   0.157297
    3113,   0.193798,   0.943234,   0.166819
    3128,   0.173900,   0.930782,   0.146432
    3144,   0.159250,   0.937252,   0.131905
    3159,   0.164134,   0.964353,   0.126412
    3175,   0.144113,   0.972899,   0.100897
    3191,   0.129830,   0.964353,   0.091497
    3206,   0.123237,   0.953977,   0.104926
    3222,   0.117012,   0.949216,   0.099432
    3238,   0.116157,   0.954831,   0.102851
    3253,   0.108100,   0.977782,   0.114448
    3269,   0.102728,   0.978881,   0.119819
    3284,   0.090154,   0.973997,   0.114692
    3300,   0.080876,   0.987548,   0.101141
    3315,   0.080144,   0.984374,   0.101386
    3331,   0.066227,   0.984740,   0.124092
    3347,   0.037783,   0.990356,   0.141183
    3363,   0.010438,   0.997558,   0.154123
    3378,   0.001526,   1.012208,   0.147287
    3394,  -0.003601,   1.009400,   0.140084
    3409,  -0.011658,   1.009888,   0.122749
    3425,  -0.024843,   0.986938,   0.125435
    3441,  -0.047305,   0.976317,   0.106513
    3456,  -0.068913,   0.966673,   0.117988
    3472,  -0.094305,   0.958494,   0.106391
    3487,  -0.111152,   0.971068,   0.089056
    3503,  -0.125191,   0.980712,   0.085149
    3519,  -0.145578,   0.983764,   0.083806
    3534,  -0.164988,   0.969725,   0.061100
    3550,  -0.172923,   0.950436,   0.038638
    3566,  -0.182811,   0.923701,   0.024843
    3581,  -0.216139,   0.892327,   0.036684
    3597,  -0.250076,   0.883049,   0.049014
    3612,  -0.266801,   0.897333,   0.053653
    3628,  -0.286211,   0.887200,   0.060245
    3643,  -0.311603,   0.877190,   0.080022
    3659,  -0.337972,   0.894769,   0.092962
    3675,  -0.357993,   0.894525,   0.100409
    3691,  -0.380211,   0.887811,   0.089300
    3706,  -0.391442,   0.890496,   0.072209
    3722,  -0.393274,   0.889275,   0.067204
    3737,  -0.405359,   0.885613,   0.080876
    3753,  -0.430507,   0.886346,   0.094183
    3769,  -0.457609,   0.878655,   0.084295
    3784,  -0.465544,   0.870109,   0.054386
    3800,  -0.471525,   0.850943,   0.037783
    3815,  -0.476897,   0.824208,   0.062443
    3831,  -0.498382,   0.798205,   0.075139
    3847,  -0.516328,   0.777696,   0.075871
    3862,  -0.515595,   0.772569,   0.088445
    3878,  -0.505097,   0.796496,   0.102851
    3894,  -0.492889,   0.831777,   0.097601
    3909,  -0.477629,   0.856314,   0.109809
    3925,  -0.470182,   0.856559,   0.095404
    3940,  -0.468962,   0.863639,   0.099554
    3956,  -0.456754,   0.913813,   0.094305
    3972,  -0.453946,   0.929439,   0.096624
    3987,  -0.474577,   0.912104,   0.101508
    4003,  -0.495819,   0.886956,   0.115669
    4019,  -0.498382,   0.850211,   0.098334
    4034,  -0.496307,   0.814686,   0.066593
    4050,  -0.493621,   0.804676,   0.053531
    4065,  -0.501068,   0.799060,   0.072331
    4081,  -0.493744,   0.795764,   0.084051
    4097,  -0.472014,   0.783556,   0.056705
    4112,  -0.481658,   0.785143,   0.039614
    4128,  -0.526827,   0.790759,   0.070378
    4143,  -0.554294,   0.801379,   0.098212
    4159,  -0.548801,   0.817127,   0.087957
    4175,  -0.519502,   0.830068,   0.078923
    4190,  -0.510346,   0.846792,   0.070012
    4206,  -0.514253,   0.858024,   0.066960
    4222,  -0.510468,   0.854728,   0.081731
    4237,  -0.498505,   0.853018,   0.095770
    4253,  -0.495697,   0.858390,   0.130074
    4269,  -0.490081,   0.880974,   0.156199
    4284,  -0.475188,   0.905634,   0.152292
    4300,  -0.455411,   0.911372,   0.105658
    4315,  -0.449063,   0.889886,   0.081609
    4331,  -0.446499,   0.860587,   0.073918
    4347,  -0.427333,   0.843863,   0.082341
    4362,  -0.408289,   0.872307,   0.070012
    4378,  -0.389245,   0.888177,   0.090521
    4394,  -0.364707,   0.907343,   0.104437
    4409,  -0.359824,   0.944943,   0.088445
    4425,  -0.353598,   0.955686,   0.110664
    4440,  -0.366538,   0.941525,   0.130562
    4456,  -0.380333,   0.937252,   0.137521
    4471,  -0.361655,   0.949582,   0.140450
    4487,  -0.348959,   0.943600,   0.098456
    4503,  -0.327840,   0.942013,   0.070988
    4518,  -0.326009,   0.929683,   0.067570
    4534,  -0.353720,   0.914790,   0.099799
    4550,  -0.373009,   0.904657,   0.113837
    4565,  -0.374962,   0.913691,   0.121284
    4581,  -0.345175,   0.949948,   0.117256
    4597,  -0.321492,   0.974120,   0.110541
    4612,  -0.323079,   0.970579,   0.091375
    4628,  -0.352255,   0.940670,   0.086004
    4643,  -0.375084,   0.895135,   0.081853
    4659,  -0.380211,   0.872307,   0.086858
    4675,  -0.357261,   0.875481,   0.086004
    4690,  -0.331868,   0.873161,   0.077214
    4706,  -0.308552,   0.873039,   0.070622
    4722,  -0.288653,   0.884881,   0.075383
    4737,  -0.269609,   0.889153,   0.068913
    4753,  -0.250687,   0.895501,   0.067814
    4768,  -0.234084,   0.908930,   0.079656
    4784,  -0.204297,   0.941036,   0.109565
    4799,  -0.179393,   0.968382,   0.096502
    4815,  -0.163889,   0.949460,   0.069890
    4831,  -0.146066,   0.902094,   0.014955
    4847,  -0.125435,   0.878044,   0.011781
    4862,  -0.104682,   0.906366,   0.004090
    4878,  -0.083440,   0.927242,   0.018739
    4893,  -0.059147,   0.964475,   0.070622
    4909,  -0.062809,   0.970701,   0.110908
    4925,  -0.056705,   0.956784,   0.107489
    4940,  -0.038027,   0.922481,   0.066960
    4956,  -0.010560,   0.912714,   0.021669
    4971,   0.014344,   0.943966,   0.045718
    4987,   0.027529,   0.989135,   0.085393
    5003,   0.023378,   1.007691,   0.094916
    5018,   0.027284,   0.991821,   0.092962
    5034,   0.037661,   0.973509,   0.086858
    5050,   0.065495,   0.969847,   0.080510
    5065,   0.101752,   0.972777,   0.081975
    5081,   0.138009,   0.994140,   0.138497
    5096,   0.150339,   1.048099,   0.173778
    5112,   0.174022,   1.038210,   0.149484
    5128,   0.194043,   0.987914,   0.133004
    5143,   0.213941,   0.990478,   0.134469
    5159,   0.232741,   1.032351,   0.161326
    5175,   0.249832,   1.039919,   0.186718
    5190,   0.253128,   1.012086,   0.180980
    5206,   0.246902,   0.970213,   0.172801
    5221,   0.247024,   0.962034,   0.174510
    5237,   0.257157,   0.953244,   0.154611
    5253,   0.286822,   0.945187,   0.124458
    5268,   0.310139,   0.931270,   0.080388
    5284,   0.315632,   0.906733,   0.064030
    5299,   0.298663,   0.877800,   0.084417
    5315,   0.304157,   0.865348,   0.095770
    5331,   0.317341,   0.884759,   0.104926
    5346,   0.349936,   0.907099,   0.106269
    5362,   0.361655,   0.940670,   0.124336
    5378,   0.367393,   0.957883,   0.132760
    5393,   0.349936,   0.968870,   0.130806
    5409,   0.296710,   0.956907,   0.125069
    5424,   0.282549,   0.961179,   0.138741
    5440,   0.291094,   0.961545,   0.134835
    5456,   0.310261,   0.955442,   0.132149
    5471,   0.313068,   0.977538,   0.139352
    5487,   0.326375,   0.987182,   0.148874
    5503,   0.346762,   0.979613,   0.135079
    5518,   0.359580,   0.972410,   0.111274
    5534,   0.360679,   0.967405,   0.115913
    5549,   0.347372,   0.953366,   0.155344
    5565,   0.311359,   0.934078,   0.200024
    5581,   0.262040,   0.903925,   0.197705
    5596,   0.250076,   0.878166,   0.156809
    5612,   0.261796,   0.893914,   0.114448
    5627,   0.277788,   0.913569,   0.097235
    5643,   0.277178,   0.933834,   0.088323
    5659,   0.273637,   0.915644,   0.085515
    5674,   0.263017,   0.898675,   0.096624
    5690,   0.241409,   0.898675,   0.157419
    5706,   0.237014,   0.900262,   0.180126
    5721,   0.257035,   0.916255,   0.191235
    5737,   0.285723,   0.940548,   0.159250
    5753,   0.323201,   0.938961,   0.138131
    5768,   0.322590,   0.940914,   0.113105
    5784,   0.303913,   0.937618,   0.144235
    5799,   0.276079,   0.944577,   0.179515
    5815,   0.265580,   0.969725,   0.195141
    5831,   0.272539,   0.979003,   0.196118
    5846,   0.295245,   0.965818,   0.152658
    5862,   0.327107,   0.963255,   0.117744
    5878,   0.361533,   0.974242,   0.100897
    5893,   0.382409,   0.994506,   0.115913
    5909,   0.364585,   1.006470,   0.124947
    5924,   0.332235,   1.009644,   0.164622
    5940,   0.297687,   0.975584,   0.199170
    5955,   0.263993,   0.932003,   0.203076
    5971,   0.246536,   0.963010,   0.150461
    5987,   0.263993,   0.991699,   0.130318
    6003,   0.268022,   1.034060,   0.091497
    6018,   0.276567,   0.992309,   0.102484
    6034,   0.259598,   0.970701,   0.096624
    6050,   0.223463,   1.008912,   0.092718
    6065,   0.195752,   0.976073,   0.155344
    6081,   0.146921,   0.962522,   0.161204
    6096,   0.113960,   0.960813,   0.141061
    6112,   0.107489,   0.958005,   0.125069
    6127,   0.095770,   0.966673,   0.112373
    6143,   0.079656,   0.975829,   0.108832
    6159,   0.045108,   0.948483,   0.129708
    6174,   0.020326,   0.971434,   0.120552
    6190,   0.007264,   0.985473,   0.116157
    6206,  -0.019471,   0.999756,   0.132271
    6221,  -0.059147,   0.973387,   0.144601
    6237,  -0.089910,   0.960935,   0.117378
    6252,  -0.109321,   0.946774,   0.105414
    6268,  -0.129097,   0.912836,   0.095038
    6283,  -0.148263,   0.912836,   0.090399
    6299,  -0.181835,   0.952268,   0.083684
    6315,  -0.206617,   0.946530,   0.092596
    6331,  -0.229933,   0.914179,   0.102728
    6346,  -0.239822,   0.925655,   0.088812
    6362,  -0.242385,   0.916377,   0.094427
    6377,  -0.257035,   0.926998,   0.081243
    6393,  -0.272905,   0.927120,   0.079045
    6408,  -0.292437,   0.950559,   0.079167
    6424,  -0.301715,   0.939694,   0.100043
    6440,  -0.321126,   0.929317,   0.108588
    6455,  -0.325154,   0.911860,   0.089910
    6471,  -0.311726,   0.892327,   0.055362
    6487,  -0.297687,   0.887933,   0.037539
    6502,  -0.295855,   0.874504,   0.038271
    6518,  -0.316120,   0.870231,   0.051456
    6534,  -0.348837,   0.877434,   0.075383
    6549,  -0.371910,   0.874138,   0.080022
    6565,  -0.374596,   0.863029,   0.063786
    6580,  -0.350424,   0.856436,   0.063053
    6596,  -0.333822,   0.882317,   0.052799
    6611,  -0.340048,   0.907343,   0.058292
    6627,  -0.355796,   0.911616,   0.067326
    6643,  -0.368736,   0.904291,   0.078191
    6659,  -0.388512,   0.893060,   0.076848
    6674,  -0.395837,   0.883782,   0.071843
    6690,  -0.397912,   0.886346,   0.070988
    6705,  -0.395471,   0.912836,   0.058048
    6721,  -0.393884,   0.918452,   0.076604
    6737,  -0.405848,   0.899652,   0.090521
    6752,  -0.422938,   0.904413,   0.094671
    6768,  -0.432460,   0.884270,   0.086248
    6783,  -0.438931,   0.867301,   0.096624
    6799,  -0.443692,   0.868644,   0.085638
    6815,  -0.444424,   0.861808,   0.086858
    6830,  -0.449918,   0.834829,   0.081609
    6846,  -0.445645,   0.840078,   0.074528
    6862,  -0.435390,   0.857779,   0.069279
    6877,  -0.417933,   0.893304,   0.059513
    6893,  -0.411585,   0.905634,   0.067936
    6908,  -0.427333,   0.892572,   0.085271
    6924,  -0.443325,   0.884637,   0.106147
    6940,  -0.443936,   0.885857,   0.104560
    6955,  -0.426234,   0.885979,   0.103827
    6971,  -0.417201,   0.901605,   0.104560
    6987,  -0.429653,   0.905023,   0.089178
    7002,  -0.446744,   0.897333,   0.089300
    7018,  -0.471892,   0.887688,   0.096624
    7033,  -0.482390,   0.879509,   0.110175
    7049,  -0.473234,   0.876701,   0.121040
    7065,  -0.440273,   0.909174,   0.117866
    7080,  -0.405970,   0.907587,   0.103461
    7096,  -0.398157,   0.895135,   0.081975
    7111,  -0.399866,   0.898431,   0.072697
    7127,  -0.411219,   0.897088,   0.071843
    7143,  -0.422572,   0.879875,   0.087469
    7158,  -0.425136,   0.870842,   0.094671
    7174,  -0.411097,   0.852042,   0.082830
    7190,  -0.390344,   0.859977,   0.068303
    7205,  -0.346640,   0.893914,   0.059635
    7221,  -0.324544,   0.910517,   0.031801
    7237,  -0.328816,   0.912714,   0.032534
    7252,  -0.348837,   0.896356,   0.058903
    7268,  -0.378624,   0.862663,   0.089544
    7283,  -0.400110,   0.862174,   0.104926
    7299,  -0.405115,   0.888787,   0.112128
    7315,  -0.403650,   0.907221,   0.100409
    7330,  -0.403772,   0.900140,   0.093206
    7346,  -0.411463,   0.889520,   0.077825
    7362,  -0.418422,   0.866447,   0.064274
    7377,  -0.448453,   0.829579,   0.065251
    7393,  -0.466642,   0.805530,   0.093817
    7408,  -0.479949,   0.781603,   0.122383
    7424,  -0.475798,   0.792956,   0.133614
    7439,  -0.455655,   0.835805,   0.124580
    7455,  -0.431240,   0.906244,   0.127266
    7471,  -0.402918,   0.951169,   0.122993
    7486,  -0.380944,   0.939205,   0.141915
    7502,  -0.377403,   0.938839,   0.136300
    7518,  -0.371910,   0.925899,   0.138741
    7533,  -0.355796,   0.906488,   0.115425
    7549,  -0.335164,   0.875969,   0.100653
    7565,  -0.322713,   0.865837,   0.093939
    7580,  -0.300617,   0.888787,   0.096258
    7596,  -0.273515,   0.909662,   0.112373
    7611,  -0.246780,   0.945920,   0.116401
    7627,  -0.235671,   0.993652,   0.133736
    7643,  -0.230544,   1.031984,   0.171092
    7658,  -0.226271,   1.044070,   0.190014
    7674,  -0.222487,   1.029909,   0.192700
    7690,  -0.217482,   0.994018,   0.175609
    7705,  -0.186230,   0.938473,   0.142038
    7721,  -0.154611,   0.920894,   0.122261
    7736,  -0.123726,   0.920039,   0.123360
    7752,  -0.104682,   0.924068,   0.129830
    7768,  -0.093573,   0.964109,   0.143869
    7783,  -0.091619,   0.967771,   0.153513
    7799,  -0.083318,   0.936153,   0.140573
    7815,  -0.081243,   0.928951,   0.137276
    7830,  -0.054386,   0.946530,   0.150583
    7846,  -0.044253,   0.960203,   0.155466
    7861,  -0.038760,   0.979125,   0.178661
    7877,  -0.032656,   0.998901,   0.207227
    7893,  -0.016786,   1.019777,   0.205762
    7908,  -0.000549,   1.018068,   0.189160
    7924,   0.022768,   1.007203,   0.160715
    7939,   0.039370,   0.973021,   0.133126
    7955,   0.037905,   0.955442,   0.136422
    7971,   0.024110,   0.971068,   0.155344
    7986,   0.027284,   1.004517,   0.184398
    8002,   0.043643,   1.033938,   0.196484
    8018,   0.054874,   1.026247,   0.201245
    8033,   0.052066,   0.999634,   0.170970
    8049,   0.046329,   0.941891,   0.150461
    8064,   0.038393,   0.899408,   0.132393
    8080,   0.050357,   0.901972,   0.144967
    8096,   0.064640,   0.924190,   0.159495
    8111,   0.084905,   0.970579,   0.166697
    8127,   0.116157,   1.011842,   0.187695
    8143,   0.133492,   1.022462,   0.173656
    8158,   0.145578,   1.007447,   0.167796
    8174,   0.143747,   0.985229,   0.145822
    8189,   0.139230,   0.915644,   0.121406
    8205,   0.131417,   0.890740,   0.130074
    8221,   0.135689,   0.913813,   0.168040
    8236,   0.156321,   0.961912,   0.189770
    8252,   0.190380,   0.983642,   0.186108
    8267,   0.209058,   0.970945,   0.167063
    8283,   0.217970,   0.937496,   0.121650
    8299,   0.214796,   0.933834,   0.090887
    8314,   0.227370,   0.925655,   0.109443
    8330,   0.222243,   0.935299,   0.157297
    8346,   0.215162,   0.950559,   0.186596
    8361,   0.213819,   0.960691,   0.209058
    8377,   0.241165,   0.950314,   0.203321
    8393,   0.269853,   0.935909,   0.143136
    8408,   0.307575,   0.942990,   0.100775
    8424,   0.331258,   0.963865,   0.095160
    8439,   0.333700,   0.986205,   0.111396
    8455,   0.318928,   0.990234,   0.124825
    8471,   0.318928,   0.977904,   0.164256
    8486,   0.318440,   0.969847,   0.161326
    8502,   0.323933,   0.968504,   0.166331
    8518,   0.341513,   0.965208,   0.176341
    8533,   0.340902,   0.947507,   0.156443
    8549,   0.336874,   0.941036,   0.138375
    8564,   0.342367,   0.924556,   0.135445
    8580,   0.340292,   0.898187,   0.128121
    8595,   0.333211,   0.905146,   0.129219
    8611,   0.340536,   0.907343,   0.126656
    8627,   0.352011,   0.898309,   0.132638
    8643,   0.352988,   0.915888,   0.127388
    8658,   0.362754,   0.934811,   0.127266
    8674,   0.374352,   0.944699,   0.122505
    8689,   0.377159,   0.930294,   0.106513
    8705,   0.371910,   0.905756,   0.088567
    8721,   0.371666,   0.893670,   0.075627
    8736,   0.372398,   0.890496,   0.090765
    8752,   0.354941,   0.901361,   0.105902
    8767,   0.343466,   0.917475,   0.117866
    8783,   0.341635,   0.919062,   0.109321
    8799,   0.348593,   0.918208,   0.090399
    8814,   0.372032,   0.940182,   0.081975
    8830,   0.378258,   0.936275,   0.080754
    8846,   0.367515,   0.914301,   0.077336
    8861,   0.351279,   0.894403,   0.087103
    8877,   0.325032,   0.884514,   0.097357
    8892,   0.318806,   0.890130,   0.096747
    8908,   0.337728,   0.915888,   0.109565
    8923,   0.353110,   0.963865,   0.087347
    8939,   0.365196,   0.968016,   0.079656
    8955,   0.357749,   0.955075,   0.091864
    8971,   0.336263,   0.938107,   0.088445
    8986,   0.315022,   0.922481,   0.091619
    9002,   0.308429,   0.917842,   0.102851
    9017,   0.300861,   0.914546,   0.112495
    9033,   0.290728,   0.928829,   0.121040
    9049,   0.284746,   0.963987,   0.108832
    9064,   0.295245,   0.982787,   0.111030
    9080,   0.289874,   0.972655,   0.101264
    9095,   0.289141,   0.991210,   0.105048
    9111,   0.279253,   0.985106,   0.099066
    9127,   0.266068,   0.962888,   0.095526
    9142,   0.257035,   0.936886,   0.097235
    9158,   0.242630,   0.928218,   0.085638
    9174,   0.225050,   0.934322,   0.089788
    9189,   0.211378,   0.938961,   0.091986
    9205,   0.204053,   0.937984,   0.093451
    9220,   0.199048,   0.947873,   0.089666
    9236,   0.199414,   0.954221,   0.086614
    9252,   0.191113,   0.965208,   0.101996
    9267,   0.170359,   0.968260,   0.114570
    9283,   0.151193,   0.969969,   0.115669
    9299,   0.145578,   0.974608,   0.112617
    9314,   0.142770,   0.994751,   0.093695
    9330,   0.141427,   1.007935,   0.086736
    9345,   0.135201,   1.007935,   0.087225
    9361,   0.115913,   1.001831,   0.088323
    9377,   0.098700,   1.007691,   0.078801
    9392,   0.088934,   1.001465,   0.086248
    9408,   0.084417,   1.000366,   0.080510
    9423,   0.079290,   0.990722,   0.073308
    9439,   0.057071,   0.973021,   0.082097
    9455,   0.022645,   0.960203,   0.099554
    9470,  -0.008118,   0.955564,   0.102728
    9486,  -0.031069,   0.957883,   0.087225
    9502,  -0.035464,   0.964109,   0.087591
    9517,  -0.041201,   0.988525,   0.071599
    9533,  -0.044986,   0.985595,   0.057438
    9549,  -0.060001,   0.978148,   0.058048
    9564,  -0.079778,   0.979125,   0.064884
    9580,  -0.107001,   0.972777,   0.064152
    9595,  -0.137887,   0.964964,   0.075505
    9611,  -0.171336,   0.969236,   0.100409
    9627,  -0.201001,   0.971922,   0.114814
    9642,  -0.210401,   0.979125,   0.131417
    9658,  -0.225050,   0.982543,   0.114814
    9674,  -0.237502,   0.973631,   0.099554
    9689,  -0.242752,   0.945675,   0.075993
    9705,  -0.263017,   0.918574,   0.052310
    9720,  -0.289874,   0.893182,   0.049991
    9736,  -0.317463,   0.873894,   0.052799
    9751,  -0.329915,   0.866935,   0.061832
    9767,  -0.348349,   0.857657,   0.085882
    9783,  -0.347983,   0.833120,   0.095038
    9798,  -0.378990,   0.821766,   0.082952
    9814,  -0.376549,   0.828481,   0.038149
    9830,  -0.386437,   0.813587,   0.012635
    9845,  -0.401209,   0.817982,   0.008606
    9861,  -0.417811,   0.850088,   0.009949
    9877,  -0.415736,   0.890130,   0.018739
    9892,  -0.415247,   0.911250,   0.046939
    9908,  -0.429164,   0.915644,   0.057560
    9923,  -0.444912,   0.912348,   0.078191
    9939,  -0.472868,   0.888787,   0.088079
    9955,  -0.486907,   0.872673,   0.090521
    9970,  -0.482512,   0.856070,   0.074895
    9986,  -0.478606,   0.856803,   0.050845
   10002,  -0.467131,   0.848990,   0.039736
   10017,  -0.481414,   0.827382,   0.031435
   10033,  -0.499481,   0.829335,   0.054752
   10048,  -0.510956,   0.810047,   0.064152
   10064,  -0.521089,   0.808460,   0.067204
   10079,  -0.515351,   0.824452,   0.067326
   10095,  -0.507905,   0.858268,   0.072209
   10111,  -0.505341,   0.868644,   0.089788
   10127,  -0.503754,   0.862907,   0.084783
   10142,  -0.506317,   0.856436,   0.075871
   10158,  -0.503143,   0.848379,   0.078069
   10173,  -0.493866,   0.859977,   0.074528
   10189,  -0.485564,   0.896966,   0.074284
   10205,  -0.485320,   0.904657,   0.097235
   10220,  -0.486419,   0.898187,   0.104193
   10236,  -0.496063,   0.904169,   0.095526
   10251,  -0.497406,   0.881829,   0.096624
   10267,  -0.491790,   0.857047,   0.096258
   10283,  -0.497894,   0.848501,   0.078923
   10298,  -0.511689,   0.841543,   0.076482
   10314,  -0.516694,   0.819813,   0.084539
   10330,  -0.513154,   0.810413,   0.079167
   10345,  -0.504486,   0.833242,   0.058292
   10361,  -0.486541,   0.845694,   0.058903
   10376,  -0.470671,   0.836904,   0.056949
   10392,  -0.481902,   0.843740,   0.056095
   10407,  -0.497406,   0.843374,   0.082586
   10423,  -0.499115,   0.828603,   0.094427
   10439,  -0.475066,   0.833852,   0.089422
   10454,  -0.452847,   0.848746,   0.067570
   10470,  -0.431484,   0.843618,   0.046206
   10486,  -0.419032,   0.844229,   0.020448
   10501,  -0.410731,   0.807850,   0.009339
   10517,  -0.422572,   0.778063,   0.029726
   10533,  -0.441372,   0.817250,   0.063297
   10548,  -0.439907,   0.818714,   0.110541
   10564,  -0.429164,   0.816761,   0.127999
   10579,  -0.411829,   0.862052,   0.110175
   10595,  -0.376793,   0.926753,   0.100775
   10611,  -0.357383,   0.943600,   0.057926
   10626,  -0.336996,   0.940914,   0.039614
   10642,  -0.332479,   0.922725,   0.069157
   10658,  -0.333944,   0.915278,   0.098578
   10673,  -0.333211,   0.925533,   0.135445
   10689,  -0.320637,   0.946286,   0.159373
   10704,  -0.295611,   0.957639,   0.161570
   10720,  -0.271196,   0.963499,   0.134225
   10736,  -0.236159,   0.961790,   0.122139
   10751,  -0.222975,   0.952756,   0.093939
   10767,  -0.215162,   0.930660,   0.093328
   10783,  -0.201734,   0.923213,   0.098944
   10798,  -0.188183,   0.934688,   0.112495
   10814,  -0.179271,   0.947873,   0.143014
   10829,  -0.165476,   0.984740,   0.185497
   10845,  -0.142770,   1.028932,   0.205640
   10861,  -0.102728,   1.043460,   0.213087
   10876,  -0.090521,   1.036013,   0.183300
   10892,  -0.088934,   1.025026,   0.151560
   10907,  -0.083684,   1.006226,   0.129463
   10923,  -0.071599,   0.995849,   0.114326
   10939,  -0.071843,   0.949094,   0.095770
   10954,  -0.090643,   0.935421,   0.084905
   10970,  -0.093817,   0.928707,   0.090154
   10986,  -0.088445,   0.909174,   0.112373
   11001,  -0.080754,   0.909540,   0.117378
   11017,  -0.086004,   0.912836,   0.128243
   11033,  -0.072209,   0.930049,   0.148263
   11048,  -0.042056,   0.947262,   0.161936
   11064,  -0.018006,   0.941281,   0.141793
   11079,  -0.003723,   0.940182,   0.129097
   11095,   0.010926,   0.922236,   0.119819
   11111,   0.018739,   0.910761,   0.104804
   11126,   0.050113,   0.911616,   0.088445
   11142,   0.105048,   0.926998,   0.094183
   11158,   0.138375,   0.944088,   0.127388
   11173,   0.148263,   0.981200,   0.184520
   11189,   0.147897,   1.032839,   0.238723
   11204,   0.151804,   1.066532,   0.249222
   11220,   0.170115,   1.064579,   0.206495
   11235,   0.201611,   1.040041,   0.158152
   11251,   0.232619,   1.017946,   0.141305
   11267,   0.234572,   1.011719,   0.135201
   11282,   0.226393,   1.015260,   0.131783
   11298,   0.217359,   1.000854,   0.165965
   11314,   0.209058,   0.987914,   0.181224
   11329,   0.199414,   0.974364,   0.183544
   11345,   0.185131,   0.953732,   0.171336
   11361,   0.185253,   0.943234,   0.170115
   11376,   0.189282,   0.939694,   0.165843
   11392,   0.201001,   0.938107,   0.170359
   11407,   0.191845,   0.943844,   0.154001
   11423,   0.189526,   0.944699,   0.156443
   11439,   0.188915,   0.941647,   0.174144
   11454,   0.197827,   0.937008,   0.172557
   11470,   0.207471,   0.919673,   0.160349
   11486,   0.218336,   0.922969,   0.145944
   11501,   0.246902,   0.939816,   0.143502
   11517,   0.265092,   0.955197,   0.146921
   11532,   0.278765,   0.959348,   0.163889
   11548,   0.282061,   0.977538,   0.135201
   11563,   0.297687,   0.982055,   0.106269
   11579,   0.307087,   0.961057,   0.111518
   11595,   0.320515,   0.942623,   0.111762
   11611,   0.318806,   0.926265,   0.126778
   11626,   0.310993,   0.929073,   0.119087
   11642,   0.299640,   0.930904,   0.129219
   11657,   0.296466,   0.931636,   0.151071
   11673,   0.294879,   0.927486,   0.153024
   11689,   0.310383,   0.932857,   0.157541
   11704,   0.325765,   0.946530,   0.140573
   11720,   0.339559,   0.947262,   0.122749
   11735,   0.340292,   0.940426,   0.113837
   11751,   0.326375,   0.940670,   0.123726
   11767,   0.315144,   0.936031,   0.138863
   11782,   0.298541,   0.921504,   0.148019
   11798,   0.296100,   0.908198,   0.134835
   11814,   0.299396,   0.895013,   0.129341
   11829,   0.312336,   0.916621,   0.107612
   11845,   0.329671,   0.926143,   0.086858
   11860,   0.345663,   0.922236,   0.073430
   11876,   0.339315,   0.915766,   0.067814
   11892,   0.319783,   0.919917,   0.083562
   11907,   0.305011,   0.926753,   0.116767
   11923,   0.301105,   0.932125,   0.149728
   11938,   0.308796,   0.939816,   0.142282
   11954,   0.325765,   0.945675,   0.114936
   11970,   0.337850,   0.952756,   0.095892
   11985,   0.348105,   0.960691,   0.073918
   12001,   0.351157,   0.958249,   0.072209
   12017,   0.344931,   0.944943,   0.089910
   12032,   0.337240,   0.939694,   0.110786
   12048,   0.325154,   0.935787,   0.121528
   12063,   0.320393,   0.945920,   0.112739
   12079,   0.325887,   0.946042,   0.107734
   12095,   0.338338,   0.949338,   0.100287
   12110,   0.345541,   0.968260,   0.073552
   12126,   0.351401,   0.977171,   0.056339
   12142,   0.352011,   0.977660,   0.046695
   12157,   0.339681,   0.967894,   0.064396
   12173,   0.302204,   0.990600,   0.065373
   12188,   0.270341,   0.997314,   0.098334
   12204,   0.249832,   0.990600,   0.128975
   12220,   0.225661,   1.040530,   0.098334
   12235,   0.234084,   1.008790,   0.088567
   12251,   0.221388,   0.999756,   0.067692
   12267,   0.200635,   0.998535,   0.071110
   12282,   0.164500,   0.963010,   0.093939
   12298,   0.125801,   0.944088,   0.108466
   12313,   0.087103,   0.931514,   0.125069
   12329,   0.058658,   0.938961,   0.117134
   12345,   0.060245,   0.930660,   0.126534
   12360,   0.042422,   0.925777,   0.119697
   12376,   0.009461,   0.962522,   0.074651
   12391,  -0.017884,   0.990600,   0.081975
   12407,  -0.030947,   0.988647,   0.090765
   12423,  -0.051944,   0.951291,   0.096380
   12438,  -0.087713,   0.986938,   0.094671
   12454,  -0.112128,   0.972166,   0.106879
   12470,  -0.126900,   0.956418,   0.088079
   12485,  -0.133248,   0.966551,   0.051578
   12501,  -0.136910,   0.974364,   0.013245
   12517,  -0.146676,   0.986571,   0.010438
   12532,  -0.170482,   0.977782,   0.003601
   12548,  -0.200635,   0.981444,   0.009949
   12563,  -0.238235,   0.955075,   0.018983
   12579,  -0.277300,   0.921260,   0.023622
   12595,  -0.310505,   0.899408,   0.009217
   12610,  -0.325398,   0.898187,  -0.001648
   12626,  -0.336874,   0.890618,  -0.040835
   12642,  -0.347494,   0.880730,  -0.053409
   12657,  -0.370689,   0.875969,  -0.052799
   12673,  -0.404993,   0.866447,  -0.041201
   12688,  -0.428798,   0.866691,  -0.032778
   12704,  -0.439419,   0.844473,  -0.031923
   12719,  -0.451993,   0.823842,  -0.021547
   12735,  -0.483855,   0.795153,  -0.024232
   12751,  -0.502899,   0.765733,  -0.019838
   12766,  -0.506806,   0.790393,  -0.039492
   12782,  -0.491058,   0.806873,  -0.050723
   12798,  -0.483489,   0.839590,  -0.054019
   12813,  -0.491180,   0.816761,  -0.056339
   12829,  -0.521577,   0.779161,  -0.037783
   12845,  -0.555393,   0.749252,  -0.025087
   12860,  -0.563816,   0.728987,  -0.028261
   12876,  -0.555393,   0.746567,  -0.039004
   12891,  -0.534884,   0.762070,  -0.044986
   12907,  -0.535616,   0.817250,  -0.058903
   12923,  -0.532320,   0.803211,  -0.057560
   12938,  -0.530977,   0.786120,  -0.041568
   12954,  -0.547091,   0.791125,  -0.019960
   12970,  -0.565525,   0.782580,   0.002991
   12985,  -0.581395,   0.774522,   0.023744
   13001,  -0.578710,   0.799792,   0.022890
   13017,  -0.572240,   0.851920,   0.017152
   13033,  -0.559666,   0.884148,   0.019349
   13049,  -0.545260,   0.875847,   0.035342
   13065,  -0.548679,   0.860099,   0.042178
   13081,  -0.563206,   0.853873,   0.033877
   13097,  -0.568333,   0.828847,   0.042666
   13112,  -0.569554,   0.809192,   0.041567
   13128,  -0.559788,   0.821278,   0.023134
   13143,  -0.556247,   0.812611,   0.013123
   13159,  -0.553073,   0.812122,   0.009461
   13175,  -0.553439,   0.812244,   0.010926
   13190,  -0.557346,   0.830068,   0.028139
   13206,  -0.554172,   0.842153,   0.047427
   13222,  -0.544162,   0.836416,   0.049747
   13237,  -0.530611,   0.830312,   0.040835
   13253,  -0.521211,   0.831533,   0.034975
   13269,  -0.530245,   0.836050,   0.043154
   13284,  -0.536715,   0.825673,   0.040469
   13300,  -0.533541,   0.830312,   0.035708
   13315,  -0.523286,   0.838003,   0.025697
   13331,  -0.509125,   0.818714,   0.018006
   13347,  -0.502777,   0.794299,   0.017396
   13362,  -0.500580,   0.778917,   0.016908
   13378,  -0.497894,   0.766343,   0.032045
   13394,  -0.507660,   0.774522,   0.037905
   13409,  -0.508027,   0.804554,   0.051822
   13425,  -0.517060,   0.832143,   0.096136
   13440,  -0.499847,   0.916499,   0.015931
   13456,  -0.462125,   0.904047,   0.075139
   13472,  -0.455289,   0.893426,   0.086858
   13487,  -0.479827,   0.916010,   0.087347
   13503,  -0.481780,   0.886956,   0.097723
   13519,  -0.486541,   0.856436,   0.105902
   13534,  -0.488494,   0.882561,   0.100775
   13550,  -0.471037,   0.884148,   0.088445
   13565,  -0.449307,   0.887444,   0.081731
   13581,  -0.445767,   0.932979,   0.072575
   13597,  -0.437099,   0.912470,   0.086736
   13612,  -0.436367,   0.907343,   0.087469
   13628,  -0.452481,   0.911738,   0.088934
   13643,  -0.469084,   0.878777,   0.106635
   13659,  -0.468229,   0.863883,   0.094183
   13675,  -0.453214,   0.866203,   0.079290
   13690,  -0.436611,   0.867301,   0.051944
   13706,  -0.429897,   0.897577,   0.051822
   13722,  -0.428798,   0.883416,   0.062077
   13737,  -0.446255,   0.856803,   0.081853
   13753,  -0.467497,   0.838735,   0.101386
   13768,  -0.466886,   0.837026,   0.088934
   13784,  -0.449185,   0.831167,   0.054142
   13800,  -0.423183,   0.829824,   0.040713
   13815,  -0.411707,   0.850088,   0.010071
   13831,  -0.398401,   0.858756,   0.040225
   13847,  -0.393884,   0.852164,   0.070134
   13862,  -0.383385,   0.857047,   0.106757
   13878,  -0.375694,   0.869011,   0.135445
   13893,  -0.355796,   0.924190,   0.134591
   13909,  -0.324178,   1.004273,   0.101630
   13925,  -0.270341,   0.995239,   0.066838
   13940,  -0.220045,   0.975951,   0.046084
   13956,  -0.196362,   0.960081,   0.031801
   13971,  -0.193310,   0.929927,   0.045474
   13987,  -0.188915,   0.914912,   0.077825
   14003,  -0.178172,   0.923823,   0.085149
   14018,  -0.161570,   0.923457,   0.055484
   14034,  -0.148263,   0.950192,   0.055484
   14050,  -0.133248,   0.930171,   0.052799
   14065,  -0.118354,   0.900629,   0.043032
   14081,  -0.091864,   0.899408,   0.016541
   14096,  -0.062443,   0.908442,   0.014710
   14112,  -0.027651,   0.941525,   0.040103
   14128,  -0.019471,   0.969358,   0.114204
   14143,  -0.037051,   0.976683,   0.133126
   14159,  -0.035708,   0.957883,   0.121162
   14175,   0.013978,   0.971312,   0.090032
   14190,   0.072209,   0.978758,   0.075871
   14206,   0.103827,   0.991577,   0.086004
   14222,   0.127266,   0.985229,   0.079900
   14237,   0.152780,   0.966673,   0.059269
   14253,   0.172435,   0.942868,   0.036929
   14268,   0.192333,   0.921382,   0.047427
   14284,   0.194775,   0.938839,   0.117622
   14299,   0.182323,   0.968504,   0.194775
   14315,   0.206250,   0.969725,   0.182811
   14331,   0.254715,   0.964231,   0.141793
   14346,   0.314167,   0.958127,   0.107245
   14362,   0.369590,   0.971312,   0.080388
   14378,   0.397058,   0.977538,   0.083074
   14393,   0.411829,   0.991210,   0.074773
   14409,   0.385705,   0.996094,   0.112006
   14424,   0.367637,   0.987914,   0.146188
   14440,   0.369468,   0.992431,   0.153269
   14456,   0.376915,   0.995727,   0.140450
   14471,   0.389001,   0.994018,   0.127266
   14487,   0.413416,   0.986205,   0.114204
   14503,   0.444912,   0.976195,   0.102851
   14518,   0.450162,   0.970091,   0.077092
   14534,   0.454679,   0.948605,   0.058780
   14550,   0.460050,   0.945309,   0.054508
   14565,   0.466886,   0.914790,   0.060856
   14581,   0.461027,   0.885003,   0.050357
   14596,   0.444058,   0.874748,   0.033266
   14612,   0.406092,   0.853507,   0.092962
   14627,   0.373009,   0.817616,   0.118965
   14643,   0.349203,   0.767930,   0.107123
   14659,   0.349081,   0.734115,   0.098700
   14675,   0.369835,   0.754380,   0.078313
   14690,   0.413661,   0.805408,   0.019471
   14706,   0.452847,   0.830678,  -0.004700
   14721,   0.492767,   0.846792,   0.007508
   14737,   0.496917,   0.833974,   0.029726
   14753,   0.468840,   0.881829,   0.043032
   14768,   0.490447,   0.932491,   0.070744
   14784,   0.515229,   0.989745,   0.099921
   14799,   0.535128,   0.990478,   0.096258
   14815,   0.544894,   0.959592,   0.081243
   14831,   0.544406,   0.925044,   0.076482
   14846,   0.529878,   0.905146,   0.044497
   14862,   0.526582,   0.921748,   0.023378
   14878,   0.525850,   0.918208,   0.025453
   14893,   0.493621,   0.893548,   0.039980
   14909,   0.453824,   0.878899,   0.076848
   14924,   0.408533,   0.885491,   0.092474
   14940,   0.396203,   0.849966,   0.079900
   14955,   0.390710,   0.835683,   0.044131
   14971,   0.403162,   0.822011,   0.030581
   14987,   0.408899,   0.835439,   0.000183
   15003,   0.398035,   0.844107,  -0.005432
   15018,   0.373131,   0.872062,   0.025697
   15034,   0.363853,   0.921504,   0.051700
   15049,   0.356162,   0.939205,   0.083806
   15065,   0.341879,   0.908686,   0.094549
   15081,   0.339315,   0.905268,   0.084417
   15096,   0.352133,   0.921016,   0.080632
   15112,   0.358726,   0.916377,   0.083318
   15127,   0.364829,   1.000854,   0.090643
   15143,   0.379357,   1.043460,   0.104071
   15159,   0.364463,   1.110847,   0.092230
   15174,   0.335653,   1.118293,   0.107612
   15190,   0.317829,   1.052615,   0.120552
   15206,   0.301959,   0.974608,   0.091619
   15221,   0.274614,   0.902826,   0.055118
   15237,   0.247269,   0.903070,   0.029238
   15253,   0.215406,   0.960813,   0.025941
   15268,   0.174632,   1.008423,   0.018373
   15284,   0.158396,   0.975829,   0.040347
   15299,   0.139352,   0.926021,   0.058048
   15315,   0.117134,   0.914301,   0.049258
   15331,   0.084051,   0.917231,   0.049991
   15346,   0.059147,   0.924678,   0.059635
   15362,   0.042422,   0.953000,   0.054630
   15378,   0.029970,   0.982177,   0.054996
   15393,   0.034243,   1.008423,   0.040957
   15409,   0.031679,   0.980712,   0.025941
   15424,   0.021791,   0.966673,   0.000793
   15440,   0.002503,   0.980101,  -0.011170
   15455,  -0.020204,   0.986449,  -0.003113
   15471,  -0.051334,   0.952145,   0.023622
   15487,  -0.102850,   0.894403,   0.073063
   15502,  -0.148263,   0.895257,   0.070378
   15518,  -0.161692,   0.938107,   0.044375
   15534,  -0.159373,   0.976195,   0.027040
   15549,  -0.150827,   0.982665,   0.005799
   15565,  -0.150339,   0.974730,  -0.008240
   15581,  -0.166209,   0.963133,  -0.004578
   15596,  -0.200635,   0.965818,   0.025087
   15612,  -0.232253,   0.950192,   0.048404
   15627,  -0.262894,   0.930416,   0.053287
   15643,  -0.279863,   0.928340,   0.047549
   15659,  -0.289874,   0.963743,   0.018739
   15674,  -0.285723,   0.950070,   0.018739
   15690,  -0.295245,   0.931514,   0.014344
   15706,  -0.321003,   0.920771,   0.019593
   15721,  -0.357261,   0.905512,   0.034243
   15737,  -0.393396,   0.864249,   0.060123
   15752,  -0.429897,   0.814808,   0.071965
   15768,  -0.470305,   0.804309,   0.051090
   15783,  -0.476408,   0.825185,   0.026430
   15799,  -0.467008,   0.817860,  -0.004700
   15815,  -0.459684,   0.794665,  -0.015077
   15831,  -0.463712,   0.795031,  -0.005555
   15846,  -0.482756,   0.799792,   0.011048
   15862,  -0.492767,   0.804309,   0.025941
   15877,  -0.488494,   0.815541,   0.022401
   15893,  -0.492034,   0.845938,   0.017762
   15909,  -0.497406,   0.861686,   0.024232
   15924,  -0.494110,   0.864494,   0.026430
   15940,  -0.489593,   0.857291,   0.027406
   15955,  -0.488738,   0.886834,   0.034975
   15971,  -0.484954,   0.913447,   0.045108
   15987,  -0.492279,   0.896722,   0.056583
   16002,  -0.507905,   0.875237,   0.054264
   16018,  -0.520723,   0.853995,   0.054019
   16034,  -0.531588,   0.828237,   0.056095
   16049,  -0.532076,   0.804554,   0.042056
   16065,  -0.522188,   0.800159,   0.040347
   16080,  -0.510102,   0.828603,   0.048892
   16096,  -0.511079,   0.871818,   0.053653
   16111,  -0.510956,   0.870964,   0.056461
   16127,  -0.518037,   0.877190,   0.054752
   16143,  -0.531221,   0.871086,   0.046695
   16159,  -0.542331,   0.833730,   0.038638
   16174,  -0.547946,   0.815541,   0.039736
   16190,  -0.549533,   0.815174,   0.035586
   16205,  -0.549533,   0.818226,   0.025209
   16221,  -0.543429,   0.837637,   0.025941
   16237,  -0.534762,   0.827992,   0.018373
   16252,  -0.547824,   0.807972,   0.032778
   16268,  -0.566990,   0.791979,   0.038882
   16283,  -0.581273,   0.771104,   0.036440
   16299,  -0.591894,   0.763291,   0.027529
   16315,  -0.588598,   0.767808,   0.020936
   16330,  -0.591650,   0.774767,   0.019960
   16346,  -0.590307,   0.761460,   0.037417
   16362,  -0.592504,   0.755112,   0.043277
   16377,  -0.597510,   0.744857,   0.048526
   16393,  -0.601660,   0.750717,   0.046817
   16408,  -0.603858,   0.754990,   0.057315
   16424,  -0.596533,   0.765489,   0.053531
   16440,  -0.456632,   0.759263,   0.011658
   16455,  -0.534273,   0.678081,   0.032045
   16471,  -0.526216,   0.804431,  -0.002258
   16487,  -0.569188,   0.856314,   0.048892
   16502,  -0.518403,   0.879631,   0.093939
   16518,  -0.500092,   0.849112,   0.143502
   16533,  -0.480681,   0.869743,   0.128121
   16549,  -0.467497,   0.908930,   0.108344
   16565,  -0.447964,   0.918330,   0.111030
   16580,  -0.422084,   0.921992,   0.124092
   16596,  -0.411585,   0.931514,   0.128365
   16611,  -0.399499,   0.968748,   0.119575
   16627,  -0.382164,   0.958494,   0.134102
   16643,  -0.384606,   0.920527,   0.141915
   16658,  -0.391198,   0.896966,   0.140573
   16674,  -0.397180,   0.842764,   0.146554
   16690,  -0.397302,   0.794665,   0.142526
   16705,  -0.385583,   0.787829,   0.112983
   16721,  -0.373009,   0.940792,   0.061466
   16737,  -0.327962,   0.926875,   0.148141
   16752,  -0.316609,   0.864372,   0.180370
   16768,  -0.319416,   0.876824,   0.158884
   16783,  -0.272417,   0.911494,   0.165599
   16799,  -0.227858,   0.924678,   0.210035
   16815,  -0.217970,   0.975951,   0.203931
   16830,  -0.211133,   1.063480,   0.187939
   16846,  -0.198682,   1.075932,   0.200269
   16862,  -0.180736,   1.036989,   0.205640
   16877,  -0.188671,   0.979125,   0.207837
   16893,  -0.186962,   0.949460,   0.195874
   16908,  -0.187206,   0.940670,   0.180126
   16924,  -0.162547,   0.950925,   0.165476
   16939,  -0.129341,   0.956784,   0.155100
   16955,  -0.101752,   0.974852,   0.129586
   16971,  -0.089666,   0.966307,   0.100165
   16986,  -0.093206,   0.922359,   0.099066
   17002,  -0.088812,   0.910395,   0.098944
   17018,  -0.077947,   0.917475,   0.117866
   17033,  -0.056583,   0.962888,   0.149240
   17049,  -0.046084,   1.028444,   0.202222
   17065,  -0.035219,   1.028322,   0.223219
   17080,  -0.052799,   0.998169,   0.163523
   17096,  -0.062443,   0.954587,   0.122871
   17111,  -0.064152,   0.945065,   0.109931
   17127,  -0.048648,   0.937374,   0.133492
   17143,  -0.045596,   0.943844,   0.165599
   17158,  -0.049625,   0.962766,   0.191967
   17174,  -0.059391,   0.951779,   0.174144
   17190,  -0.052921,   0.927974,   0.151315
   17205,  -0.033022,   0.912470,   0.115180
   17221,  -0.009705,   0.906610,   0.087103
   17236,   0.017152,   0.909785,   0.076115
   17252,   0.042910,   0.910761,   0.074773
   17267,   0.061222,   0.912592,   0.087225
   17283,   0.077947,   0.926143,   0.092596
   17299,   0.087713,   0.921992,   0.096869
   17315,   0.101264,   0.919795,   0.099188
   17330,   0.122627,   0.932369,   0.106269
   17346,   0.169505,   0.964109,   0.094183
   17361,   0.203809,   0.984496,   0.096991
   17377,   0.232741,   1.014894,   0.087835
   17393,   0.250809,   1.036379,   0.073308
   17408,   0.257523,   1.042483,   0.076238
   17424,   0.250320,   1.024538,   0.079778
   17439,   0.241165,   1.003418,   0.100409
   17455,   0.242752,   0.992919,   0.137521
   17471,   0.232375,   0.983764,   0.149973
   17486,   0.236037,   0.967405,   0.126900
   17502,   0.242996,   0.945553,   0.100409
   17518,   0.250198,   0.921626,   0.078679
   17533,   0.254227,   0.921260,   0.083196
   17549,   0.239089,   0.927974,   0.112983
   17564,   0.223463,   0.922359,   0.160227
   17580,   0.212965,   0.909052,   0.172069
   17596,   0.226271,   0.925411,   0.169749
   17611,   0.257889,   0.942379,   0.166453
   17627,   0.282427,   0.953000,   0.149240
   17643,   0.297687,   0.966673,   0.143014
   17658,   0.311604,   0.981322,   0.133370
   17674,   0.309894,   0.988647,   0.134347
   17689,   0.311726,   0.971190,   0.130562
   17705,   0.321492,   0.971556,   0.123237
   17720,   0.334310,   0.980101,   0.127388
   17736,   0.338094,   0.980712,   0.131661
   17752,   0.329427,   0.979979,   0.148752
   17767,   0.313679,   0.980956,   0.177196
   17783,   0.293292,   0.950070,   0.199292
   17799,   0.292681,   0.912714,   0.192944
   17814,   0.303302,   0.914179,   0.143869
   17830,   0.315022,   0.923213,   0.091864
   17846,   0.323445,   0.945675,   0.074528
   17861,   0.343222,   0.972044,   0.059513
   17877,   0.328694,   0.983275,   0.073552
   17893,   0.315510,   1.014527,   0.072453
   17908,   0.299274,   0.991943,   0.105170
   17924,   0.274736,   0.975829,   0.124214
   17939,   0.250198,   0.953732,   0.145700
   17955,   0.223097,   0.934688,   0.157297
   17971,   0.174876,   0.913081,   0.109199
   17986,   0.144723,   0.937252,   0.053653
   18002,   0.148752,   0.965696,   0.050357
   18018,   0.159739,   0.991333,   0.081121
   18034,   0.151682,   0.989868,   0.118110
   18052,   0.124214,   0.962644,   0.178050
   18068,   0.076238,   0.934566,   0.202710
   18083,   0.058170,   0.929805,   0.195019
   18099,   0.055606,   0.931270,   0.172435
   18115,   0.060978,   0.920405,   0.151193
   18130,   0.065128,   0.934322,   0.128243
   18146,   0.061954,   0.978392,   0.111518
   18162,   0.063908,   0.997925,   0.128731
   18177,   0.061344,   1.031740,   0.141183
   18193,   0.057682,   1.024782,   0.153269
   18208,   0.060978,   1.005738,   0.135445
   18224,   0.066105,   1.041507,   0.104560
   18239,   0.076238,   1.054813,   0.096502
   18255,   0.076604,   1.094122,   0.078313
   18271,   0.059879,   1.107429,   0.065006
   18287,   0.037905,   1.065434,   0.065617
   18302,   0.009461,   1.036623,   0.067448
   18318,  -0.013490,   0.994995,   0.079534
   18333,  -0.034365,   0.940060,   0.095770
   18349,  -0.065617,   0.963499,   0.115791
   18365,  -0.099554,   0.979125,   0.099066
   18380,  -0.120186,   0.960569,   0.096014
   18396,  -0.136788,   0.938839,   0.099432
   18411,  -0.168284,   0.920894,   0.077336
   18427,  -0.190258,   0.924678,   0.064762
   18443,  -0.203443,   0.929561,   0.060367
   18458,  -0.212843,   0.929683,   0.063053
   18474,  -0.226393,   0.925411,   0.070134
   18490,  -0.256058,   0.926387,   0.080510
   18505,  -0.276323,   0.924190,   0.070012
   18521,  -0.288409,   0.913447,   0.065617
   18536,  -0.297687,   0.944699,   0.058048
   18552,  -0.307087,   0.936520,   0.049991
   18568,  -0.308674,   0.909785,   0.053775
   18583,  -0.332357,   0.902582,   0.055973
   18599,  -0.346518,   0.885613,   0.054386
   18615,  -0.357749,   0.866813,   0.065128
   18630,  -0.374474,   0.819203,   0.027529
   18646,  -0.383263,   0.787341,   0.009949
   18661,  -0.397912,   0.771837,   0.012635
   18677,  -0.401209,   0.796863,   0.029726
   18693,  -0.404016,   0.826283,   0.051944
   18708,  -0.407190,   0.850699,   0.081121
   18724,  -0.420009,   0.883049,   0.105902
   18739,  -0.424281,   0.927242,   0.106269
   18755,  -0.413905,   0.927364,   0.087713
   18771,  -0.384484,   0.909052,   0.067082
   18786,  -0.370811,   0.913447,   0.048648
   18802,  -0.381066,   0.916010,   0.041445
   18818,  -0.400110,   0.900995,   0.045352
   18833,  -0.430751,   0.885735,   0.063664
   18849,  -0.470060,   0.895868,   0.089178
   18864,  -0.491912,   0.850943,   0.102240
   18880,  -0.513276,   0.832509,   0.103583
   18896,  -0.521089,   0.844229,   0.100165
   18911,  -0.515107,   0.850577,   0.080510
   18927,  -0.499359,   0.862907,   0.070012
   18943,  -0.484954,   0.866691,   0.066471
   18958,  -0.492767,   0.854361,   0.069767
   18974,  -0.505951,   0.831044,   0.080754
   18989,  -0.516206,   0.809314,   0.087225
   19005,  -0.529390,   0.797229,   0.076848
   19021,  -0.525362,   0.792102,   0.063542
   19036,  -0.518403,   0.785021,   0.059635
   19052,  -0.528536,   0.841421,   0.056217
   19067,  -0.520845,   0.830800,   0.062565
   19083,  -0.531466,   0.809925,   0.082952
   19099,  -0.547091,   0.801990,   0.097601
   19114,  -0.557224,   0.816273,   0.101508
   19130,  -0.556491,   0.799060,   0.081243
   19146,  -0.547946,   0.781603,   0.080510
   19161,  -0.551364,   0.796618,   0.060978
   19177,  -0.552463,   0.803577,   0.050723
   19193,  -0.547214,   0.788561,   0.066471
   19208,  -0.544406,   0.795276,   0.084417
   19224,  -0.544528,   0.798694,   0.101386
   19239,  -0.541232,   0.793566,   0.117622
   19255,  -0.528536,   0.815663,   0.115913
   19271,  -0.519258,   0.841299,   0.096014
   19286,  -0.516328,   0.830068,   0.085760
   19302,  -0.516328,   0.830556,   0.086004
   19318,  -0.513642,   0.803577,   0.097113
   19333,  -0.526827,   0.811024,   0.091864
   19349,  -0.541720,   0.823842,   0.108710
   19364,  -0.555149,   0.815296,   0.125435
   19380,  -0.552341,   0.793689,   0.136544
   19395,  -0.541232,   0.807972,   0.126412
   19411,  -0.535738,   0.860221,   0.117256
   19427,  -0.530489,   0.926998,   0.116889
   19442,  -0.512055,   0.907953,   0.130318
   19458,  -0.511201,   0.876091,   0.154367
   19474,  -0.516328,   0.884392,   0.150461
   19489,  -0.509614,   0.888299,   0.139718
   19505,  -0.499237,   0.883660,   0.127510
   19521,  -0.488128,   0.865104,   0.111640
   19536,  -0.487640,   0.831655,   0.098334
   19552,  -0.498382,   0.811634,   0.106879
   19567,  -0.509125,   0.829702,   0.102851
   19583,  -0.514497,   0.824452,   0.115302
   19599,  -0.506562,   0.807972,   0.122871
   19614,  -0.509125,   0.808094,   0.131050
   19630,  -0.509736,   0.809192,   0.161936
   19646,  -0.510346,   0.810047,   0.162424
   19661,  -0.490203,   0.811756,   0.144357
   19677,  -0.447964,   0.802234,   0.125191
   19692,  -0.415858,   0.803333,   0.096869
   19708,  -0.407435,   0.850577,   0.066838
   19723,  -0.403894,   0.912959,   0.055362
   19739,  -0.381920,   0.942379,   0.084417
   19755,  -0.392297,   0.939816,   0.114936
   19770,  -0.374107,   0.933468,   0.119453
   19786,  -0.345785,   0.918330,   0.130806
   19802,  -0.330770,   0.913447,   0.112495
   19817,  -0.316975,   0.902582,   0.106025
   19833,  -0.310139,   0.888055,   0.110541
   19849,  -0.317463,   0.915400,   0.099676
   19864,  -0.305866,   0.904779,   0.126656
   19880,  -0.294879,   0.883416,   0.138497
   19895,  -0.280962,   0.892327,   0.121773
   19911,  -0.258500,   0.904413,   0.110053
   19927,  -0.219923,   0.937618,   0.103217
   19942,  -0.185131,   0.968626,   0.097235
   19958,  -0.182445,   0.976317,   0.125923
   19974,  -0.183910,   0.968504,   0.140939
   19989,  -0.195019,   0.960203,   0.156809
   20005,  -0.179760,   0.982177,   0.164988
   20020,  -0.148630,   0.987304,   0.156199
   20036,  -0.117622,   0.974608,   0.129219
   20052,  -0.090887,   0.956540,   0.098944
   20067,  -0.089178,   0.945797,   0.096991
   20083,  -0.099799,   0.934444,   0.114448
   20099,  -0.106635,   0.944332,   0.129952
   20114,  -0.101386,   0.943478,   0.145944
   20130,  -0.095648,   0.943112,   0.141793
   20145,  -0.088323,   0.939083,   0.131661
   20161,  -0.072575,   0.919307,   0.106513
   20177,  -0.044375,   0.901972,   0.096991
   20192,  -0.014832,   0.921626,   0.104682
   20208,   0.025941,   0.976805,   0.123970
   20223,   0.054386,   1.021119,   0.149850
   20239,   0.056339,   1.005371,   0.174510
   20255,   0.048160,   0.951047,   0.175365
   20270,   0.048648,   0.928462,   0.168406
   20286,   0.085393,   0.954709,   0.162547
   20302,   0.119819,   0.979125,   0.146066
   20317,   0.161082,   1.014283,   0.137887
   20333,   0.192333,   1.043582,   0.139352
   20349,   0.190014,   1.023195,   0.158274
   20364,   0.179882,   1.008301,   0.142648
   20380,   0.176708,   0.989990,   0.154001
   20395,   0.180492,   0.970335,   0.167552
   20411,   0.190624,   0.979369,   0.173045
   20427,   0.210523,   1.000366,   0.183422
   20442,   0.220289,   1.008423,   0.169261
   20458,   0.221144,   1.013062,   0.157419
   20474,   0.214552,   0.999634,   0.174388
   20489,   0.207471,   0.958738,   0.180736
   20505,   0.200391,   0.917598,   0.180980
   20520,   0.205274,   0.930294,   0.186718
   20536,   0.230300,   0.956907,   0.185253
   20551,   0.257401,   0.965940,   0.168040
   20567,   0.265580,   0.959104,   0.168772
   20583,   0.276323,   0.940304,   0.162302
   20599,   0.287432,   0.931514,   0.168406
   20614,   0.299518,   0.957639,   0.154001
   20630,   0.310627,   0.973753,   0.139230
   20645,   0.327107,   0.972655,   0.121773
   20661,   0.336141,   0.949826,   0.121284
   20677,   0.326863,   0.951535,   0.114936
   20692,   0.322590,   0.937740,   0.120674
   20708,   0.314655,   0.930294,   0.135812
   20723,   0.310505,   0.925899,   0.143625
   20739,   0.314777,   0.923823,   0.149362
   20755,   0.306720,   0.912959,   0.156199
   20770,   0.309040,   0.911250,   0.150217
   20786,   0.316365,   0.914179,   0.140573
   20802,   0.324544,   0.935665,   0.139352
   20817,   0.340292,   0.963621,   0.138863
   20833,   0.352499,   0.966673,   0.133248
   20848,   0.362632,   0.958372,   0.127754
   20864,   0.358603,   0.946408,   0.118599
   20879,   0.348471,   0.937984,   0.117012
   20895,   0.342001,   0.922725,   0.108710
   20911,   0.334920,   0.898675,   0.101752
   20927,   0.330648,   0.907343,   0.096869
   20942,   0.326497,   0.930049,   0.083440
   20958,   0.326253,   0.936153,   0.079900
   20973,   0.310383,   0.929073,   0.092474
   20989,   0.294268,   0.922847,   0.125313
   21005,   0.275713,   0.914423,   0.136422
   21020,   0.258744,   0.920161,   0.132882
   21036,   0.261918,   0.917109,   0.121528
   21051,   0.269120,   0.895135,   0.121895
   21067,   0.271562,   0.909785,   0.110053
   21083,   0.276079,   0.928340,   0.106879
   21098,   0.281206,   0.955320,   0.093206
   21114,   0.289385,   0.974486,   0.114814
   21130,   0.296466,   0.952268,   0.132149
   21145,   0.295123,   0.942135,   0.128243
   21161,   0.284624,   0.944943,   0.125801
   21176,   0.271074,   0.963987,   0.108222
   21192,   0.249832,   0.995971,   0.075139
   21207,   0.280718,   0.973753,   0.057926
   21223,   0.270585,   0.958249,   0.055118
   21239,   0.252396,   0.959470,   0.050723
   21255,   0.215040,   0.995361,   0.037173
   21270,   0.189648,   1.010377,   0.067570
   21286,   0.170604,   1.018312,   0.088445
   21301,   0.138741,   1.013062,   0.125069
   21317,   0.112861,   1.013428,   0.160715
   21333,   0.089788,   1.007691,   0.171214
   21348,   0.093084,   1.004883,   0.150095
   21364,   0.094061,   1.001465,   0.117744
   21379,   0.088079,   1.010987,   0.087347
   21395,   0.085149,   1.009034,   0.073674
   21411,   0.074528,   0.982909,   0.074773
   21426,   0.045352,   0.972899,   0.085638
   21442,   0.019838,   0.959470,   0.098456
   21458,  -0.000671,   0.966551,   0.096380
   21473,  -0.026186,   0.955930,   0.096380
   21489,  -0.042300,   0.956907,   0.094549
   21504,  -0.048892,   0.974486,   0.087591
   21520,  -0.060245,   0.967649,   0.089056
   21535,  -0.080144,   0.986816,   0.098822
   21551,  -0.105536,   0.990966,   0.119453
   21567,  -0.131295,   0.973021,   0.114692
   21583,  -0.158030,   0.951291,   0.111396
   21598,  -0.183056,   0.922603,   0.112373
   21614,  -0.193066,   0.914179,   0.111274
   21630,  -0.215284,   0.900751,   0.116767
   21645,  -0.246048,   0.915522,   0.103461
   21661,  -0.266191,   0.933346,   0.094305
   21676,  -0.279497,   0.933346,   0.114204
   21692,  -0.298175,   0.933956,   0.126289
   21707,  -0.313191,   0.946042,   0.122505
   21723,  -0.320881,   0.951657,   0.106025
   21739,  -0.323445,   0.946408,   0.101019
   21754,  -0.332723,   0.913813,   0.101264
   21770,  -0.353476,   0.888787,   0.104315
   21786,  -0.369346,   0.866569,   0.113837
   21801,  -0.395471,   0.864372,   0.109321
   21817,  -0.400598,   0.856070,   0.106635
   21833,  -0.408045,   0.840444,   0.089056
   21848,  -0.415858,   0.823231,   0.082219
   21864,  -0.428798,   0.834340,   0.069890
   21879,  -0.432216,   0.827260,   0.071599
   21895,  -0.445767,   0.812366,   0.074895
   21911,  -0.461881,   0.800891,   0.086126
   21926,  -0.486297,   0.804798,   0.079656
   21942,  -0.497528,   0.797107,   0.081609
   21958,  -0.513032,   0.785021,   0.077214
   21973,  -0.523164,   0.802478,   0.081487
   21989,  -0.527559,   0.801868,   0.088201
   22004,  -0.526338,   0.811634,   0.093939
   22020,  -0.526949,   0.810535,   0.098334
   22035,  -0.535006,   0.816273,   0.106025
   22051,  -0.541598,   0.844839,   0.133614
   22067,  -0.551975,   0.868644,   0.144601
   22082,  -0.553562,   0.897821,   0.120186
   22098,  -0.546969,   0.884881,   0.124214
   22114,  -0.540743,   0.851065,   0.133126
   22129,  -0.544528,   0.822987,   0.126045
   22145,  -0.542697,   0.795153,   0.125435
   22161,  -0.550998,   0.777574,   0.119209
   22176,  -0.552341,   0.770372,   0.123604
   22192,  -0.550876,   0.758530,   0.115913
   22207,  -0.548923,   0.766709,   0.106513
   22223,  -0.541232,   0.808094,   0.098456
   22239,  -0.527559,   0.849722,   0.094305
   22254,  -0.528658,   0.830678,   0.106025
   22270,  -0.528658,   0.809803,   0.123848
   22286,  -0.539034,   0.802966,   0.129097
   22301,  -0.545382,   0.791125,   0.133980
   22317,  -0.538912,   0.813221,   0.130440
   22332,  -0.533785,   0.857169,   0.115058
   22348,  -0.528292,   0.842398,   0.117378
   22363,  -0.540866,   0.800769,   0.131783
   22379,  -0.555027,   0.786486,   0.134347
   22395,  -0.552341,   0.792102,   0.122505
   22411,  -0.542819,   0.796008,   0.109076
   22426,  -0.527071,   0.791125,   0.104926
   22442,  -0.514619,   0.786486,   0.101386
   22457,  -0.509736,   0.784411,   0.106879
   22473,  -0.505829,   0.799548,   0.112250
   22489,  -0.512788,   0.840688,   0.106025
   22504,  -0.500946,   0.883660,   0.105414
   22520,  -0.490692,   0.884392,   0.129219
   22535,  -0.481902,   0.887322,   0.142770
   22551,  -0.475920,   0.889764,   0.147653
   22567,  -0.462125,   0.895746,   0.140328
   22582,  -0.453458,   0.862663,   0.124580
   22598,  -0.449551,   0.808948,   0.096869
   22614,  -0.435879,   0.776231,   0.093573
   22629,  -0.418544,   0.794177,   0.083196
   22645,  -0.402918,   0.864860,   0.079167
   22660,  -0.364463,   0.871086,   0.108466
   22676,  -0.344442,   0.863761,   0.138375
   22692,  -0.338461,   0.846792,   0.137032
   22707,  -0.323201,   0.810047,   0.137276
   22723,  -0.294635,   0.843130,   0.131295
   22738,  -0.240920,   0.972533,   0.131295
   22754,  -0.194897,   1.002564,   0.166453
   22770,  -0.163157,   1.006104,   0.166209
   22785,  -0.154123,   1.016114,   0.154001
   22801,  -0.157908,   1.036013,   0.156199
   22817,  -0.142648,   1.098150,   0.186352
   22832,  -0.116035,   1.060062,   0.239089
   22848,  -0.107612,   1.041262,   0.215895
   22863,  -0.090154,   1.005982,   0.194897
   22879,  -0.089666,   0.944210,   0.129097
   22895,  -0.074895,   0.890740,   0.095770
   22910,  -0.058048,   0.858512,   0.077825
   22926,  -0.042788,   0.864616,   0.085149
   22942,  -0.026430,   0.885125,   0.105048
   22957,   0.001038,   0.928462,   0.135812
   22973,   0.041323,   0.973143,   0.138863
   22989,   0.073308,   0.993164,   0.126900
   23004,   0.096747,   0.978636,   0.119819
   23019,   0.112861,   0.960691,   0.119941
   23035,   0.125557,   0.933712,   0.127999
   23057,   0.148752,   0.931881,   0.136910
   23073,   0.179760,   0.953977,   0.142648
   23089,   0.209424,   0.976073,   0.136666
   23104,   0.235549,   0.987792,   0.139718
   23120,   0.246292,   0.980223,   0.152170
   23135,   0.241653,   0.977782,   0.153513
   23151,   0.247146,   0.989623,   0.159006
   23167,   0.270585,   0.998291,   0.167796
   23182,   0.280352,   0.987792,   0.162669
   23198,   0.293658,   0.996338,   0.142892
   23214,   0.302448,   0.996826,   0.150095
   23229,   0.313068,   0.987670,   0.144357
   23245,   0.316975,   0.975096,   0.134102
   23261,   0.309284,   0.958616,   0.132271
   23276,   0.296588,   0.937984,   0.146310
   23292,   0.294146,   0.913325,   0.148752
   23307,   0.290606,   0.909296,   0.136056
   23323,   0.294146,   0.910761,   0.122139
   23339,   0.296466,   0.913569,   0.111396
   23354,   0.299640,   0.907465,   0.096991
   23370,   0.312580,   0.898675,   0.108588
   23386,   0.310017,   0.861808,   0.162913
   23401,   0.279619,   0.891229,   0.214308
   23417,   0.299029,   0.930782,   0.181835
   23432,   0.357871,   0.956052,   0.139718
   23448,   0.417689,   0.969236,   0.132027
   23463,   0.445767,   0.977416,   0.111762
   23479,   0.450162,   0.964475,   0.096869
   23495,   0.447964,   0.942257,   0.106757
   23511,   0.428798,   0.912714,   0.114936
   23526,   0.418055,   0.891717,   0.119575
   23542,   0.420863,   0.881218,   0.115913
   23557,   0.433193,   0.883294,   0.117134
   23573,   0.440029,   0.895868,   0.106635
   23589,   0.443081,   0.894159,   0.093817
   23604,   0.438809,   0.875481,   0.098700
   23620,   0.421718,   0.867424,   0.105292
   23635,   0.407190,   0.870476,   0.115302
   23651,   0.403040,   0.874504,   0.129341
   23667,   0.403040,   0.875237,   0.132149
   23682,   0.407679,   0.883172,   0.110541
   23698,   0.421718,   0.881829,   0.105414
   23714,   0.428310,   0.884392,   0.102728
   23729,   0.428554,   0.883294,   0.098700
   23745,   0.421596,   0.879631,   0.085393
   23760,   0.418177,   0.859000,   0.087957
   23776,   0.397546,   0.861686,   0.122627
   23791,   0.366905,   0.872062,   0.142160
   23807,   0.350546,   0.894525,   0.127754
   23823,   0.364219,   0.926509,   0.143747
   23838,   0.386071,   0.951779,   0.143502
   23854,   0.392053,   0.953366,   0.139962
   23870,   0.386193,   0.948605,   0.134347
   23885,   0.381676,   0.927242,   0.145334
   23901,   0.365928,   0.894647,   0.148874
   23917,   0.360068,   0.891839,   0.139108
   23932,   0.372520,   0.908442,   0.135689
   23948,   0.379601,   0.910395,   0.122627
   23963,   0.380455,   0.911860,   0.117134
   23979,   0.372642,   0.920771,   0.114326
   23995,   0.352866,   0.915644,   0.126778
   24010,   0.335042,   0.881218,   0.144967
   24026,   0.318806,   0.862296,   0.170359
   24042,   0.312824,   0.861076,   0.170726
   24057,   0.325398,   0.863395,   0.151438
   24073,   0.348837,   0.883416,   0.130440
   24088,   0.383141,   0.923579,   0.119453
   24104,   0.415492,   0.950681,   0.111030
   24120,   0.431606,   0.988158,   0.103217
   24135,   0.439419,   0.990356,   0.117134
   24151,   0.428676,   0.999878,   0.125435
   24167,   0.418299,   1.000488,   0.168895
   24182,   0.403284,   0.980101,   0.193188
   24198,   0.388390,   0.995483,   0.155954
   24213,   0.389733,   1.003662,   0.142648
   24229,   0.401575,   0.996216,   0.122261
   24245,   0.398157,   1.016969,   0.109321
   24260,   0.372154,   1.014527,   0.110419
   24276,   0.339926,   0.991943,   0.120796
   24291,   0.296100,   0.964964,   0.143747
   24307,   0.244705,   0.961668,   0.148386
   24323,   0.204663,   0.952145,   0.131173
   24338,   0.171336,   0.945675,   0.124702
   24354,   0.148386,   0.941647,   0.080632
   24370,   0.143014,   0.959470,   0.063542
   24385,   0.139596,   0.956174,   0.044986
   24401,   0.120186,   0.927974,   0.029604
   24417,   0.085271,   0.920161,   0.031923
   24432,   0.049380,   0.915034,   0.037905
   24448,   0.016053,   0.933956,   0.044497
   24463,  -0.019838,   0.947873,   0.070988
   24479,  -0.063053,   0.972288,   0.086248
   24495,  -0.097113,   0.976317,   0.098456
   24510,  -0.119941,   0.996582,   0.088567
   24526,  -0.136178,   0.991455,   0.075383
   24541,  -0.145456,   0.979491,   0.058780
   24557,  -0.155222,   0.945675,   0.047305
   24573,  -0.173045,   0.938717,   0.034731
   24588,  -0.198682,   0.952634,   0.042910
   24604,  -0.233962,   0.938107,   0.062565
   24619,  -0.269487,   0.913447,   0.075383
   24635,  -0.298175,   0.895257,   0.064762
   24651,  -0.316975,   0.870353,   0.049869
   24667,  -0.324422,   0.859977,   0.039004
   24682,  -0.332235,   0.840933,   0.028749
   24698,  -0.351279,   0.839712,   0.025819
   24713,  -0.381432,   0.842398,   0.029604
   24729,  -0.408167,   0.834707,   0.038149
   24745,  -0.418788,   0.823842,   0.041567
   24760,  -0.432583,   0.809559,   0.023988
   24776,  -0.456754,   0.791247,   0.034243
   24791,  -0.482268,   0.806873,   0.062931
   24807,  -0.501190,   0.852042,   0.084051
   24823,  -0.506317,   0.871330,   0.103827
   24838,  -0.514008,   0.861076,   0.102606
   24854,  -0.512666,   0.837026,   0.081609
   24870,  -0.504731,   0.793078,   0.052310
   24885,  -0.507294,   0.756943,   0.029360
   24901,  -0.516816,   0.741928,   0.027040
   24916,  -0.526216,   0.750717,   0.051578
   24932,  -0.526827,   0.770250,   0.063297
   24947,  -0.517549,   0.788561,   0.053775
   24963,  -0.514497,   0.785753,   0.072575
   24979,  -0.533175,   0.752304,   0.087103
   24995,  -0.558811,   0.813221,   0.069157
   25010,  -0.568455,   0.867057,   0.088445
   25026,  -0.566624,   0.845083,   0.097967
   25041,  -0.560398,   0.817616,   0.114082
   25057,  -0.547946,   0.828603,   0.149606
   25073,  -0.535738,   0.866813,   0.142526
   25088,  -0.515473,   0.908320,   0.130196
   25104,  -0.505219,   0.928707,   0.124458
   25119,  -0.500702,   0.924556,   0.119331
   25135,  -0.504486,   0.902460,   0.133736
   25151,  -0.509003,   0.851920,   0.150827
   25166,  -0.520845,   0.825673,   0.140328
   25182,  -0.511323,   0.804676,   0.147165
   25197,  -0.496673,   0.827992,   0.132393
   25213,  -0.465177,   0.875725,   0.114936
   25229,  -0.455777,   0.884514,   0.108222
   25244,  -0.473234,   0.864249,   0.112739
   25260,  -0.491424,   0.837759,   0.119209
   25275,  -0.500580,   0.838369,   0.125557
   25291,  -0.490814,   0.838369,   0.118477
   25307,  -0.484221,   0.835195,   0.119209
   25323,  -0.483611,   0.831777,   0.114570
   25338,  -0.488860,   0.835317,   0.113960
   25354,  -0.488494,   0.836660,   0.115180
   25369,  -0.485686,   0.856925,   0.121284
   25385,  -0.487884,   0.868888,   0.141793
   25401,  -0.490081,   0.877922,   0.143869
   25416,  -0.485442,   0.870598,   0.153757
   25432,  -0.489105,   0.853140,   0.143747
   25447,  -0.489959,   0.841421,   0.134835
   25463,  -0.486053,   0.834707,   0.116157
   25479,  -0.474333,   0.831167,   0.108588
   25494,  -0.482268,   0.836782,   0.105902
   25510,  -0.499725,   0.836782,   0.145334
   25526,  -0.508515,   0.816517,   0.149606
   25541,  -0.503510,   0.805042,   0.169139
   25557,  -0.460783,   0.860587,   0.176830
   25572,  -0.422816,   0.929805,   0.162547
   25588,  -0.407435,   0.977049,   0.135812
   25604,  -0.393396,   1.005005,   0.131173
   25619,  -0.412318,   0.958005,   0.125435
   25635,  -0.430263,   0.888299,   0.118843
   25650,  -0.450650,   0.803089,   0.122139
   25666,  -0.446255,   0.770738,   0.121162
   25682,  -0.413538,   0.756211,   0.123237
   25697,  -0.381188,   0.801379,   0.135689
   25713,  -0.347372,   0.903437,   0.129097
   25729,  -0.314900,   0.969847,   0.119575
   25744,  -0.292681,   0.979735,   0.117256
   25760,  -0.281694,   0.962400,   0.112739
   25775,  -0.265702,   0.934566,   0.108710
   25791,  -0.253983,   0.914423,   0.083928
   25807,  -0.254471,   0.877556,   0.077214
   25822,  -0.264604,   0.840566,   0.045840
   25838,  -0.250443,   0.812244,   0.039370
   25854,  -0.227980,   0.810047,   0.050967
   25869,  -0.188549,   0.820302,   0.071355
   25885,  -0.158762,   0.854850,   0.083074
   25901,  -0.131661,   0.896234,   0.088689
   25916,  -0.096991,   0.905268,   0.078557
   25932,  -0.057804,   0.896722,   0.057926
   25947,  -0.021669,   0.877068,   0.057071
   25963,  -0.000061,   0.883172,   0.067936
   25979,   0.011048,   0.904779,   0.104560
   25994,   0.039248,   0.971068,   0.158274
   26010,   0.074773,   1.022951,   0.178905
   26026,   0.118965,   1.072270,   0.171092
   26041,   0.173778,   1.106818,   0.152780
   26057,   0.211988,   1.105841,   0.153269
   26072,   0.231887,   1.090338,   0.162669
   26088,   0.222121,   1.068119,   0.195630
   26103,   0.205152,   1.049564,   0.199170
   26119,   0.206861,   1.029909,   0.192822
   26135,   0.230422,   1.010377,   0.162424
   26151,   0.266801,   1.013306,   0.140328
   26166,   0.282915,   1.021119,   0.115547
   26182,   0.278032,   1.000488,   0.102362
   26197,   0.249466,   0.946408,   0.129952
   26213,   0.215528,   0.909540,   0.174510
   26229,   0.197095,   0.907587,   0.188915
   26244,   0.210767,   0.908198,   0.196728
   26260,   0.236037,   0.916377,   0.179882
   26275,   0.274736,   0.938229,   0.153147
   26291,   0.315144,   0.960447,   0.132882
   26307,   0.340902,   0.970457,   0.140450
   26322,   0.339559,   0.976317,   0.140939
   26338,   0.326375,   0.959592,   0.146798
   26354,   0.318928,   0.952390,   0.143014
   26369,   0.312946,   0.950192,   0.118354
   26385,   0.320759,   0.944577,   0.112006
   26400,   0.323689,   0.928462,   0.101630
   26416,   0.321858,   0.928462,   0.110419
   26431,   0.315144,   0.946164,   0.136788
   26447,   0.305500,   0.960447,   0.168895
   26463,   0.285479,   0.968260,   0.181347
   26479,   0.280596,   0.963010,   0.195141
   26494,   0.274004,   0.925166,   0.160593
   26510,   0.275224,   0.902460,   0.148019
   26525,   0.281450,   0.900018,   0.132638
   26541,   0.279253,   0.905268,   0.119819
   26557,   0.268632,   0.900873,   0.153024
   26572,   0.254959,   0.887566,   0.169261
   26588,   0.248367,   0.898431,   0.170970
   26603,   0.272661,   0.909662,   0.154367
   26619,   0.308063,   0.905756,   0.149240
   26635,   0.306842,   0.913325,   0.141305
   26650,   0.328084,   0.924312,   0.161692
   26666,   0.314777,   0.917720,   0.206006
   26682,   0.303424,   0.936397,   0.208326
   26697,   0.321980,   0.962522,   0.200269
   26713,   0.348715,   0.973021,   0.189160
   26728,   0.362632,   0.964964,   0.165232
   26744,   0.379723,   0.963010,   0.151438
   26760,   0.379967,   0.963010,   0.143258
   26775,   0.369712,   0.951657,   0.147409
   26791,   0.353232,   0.933590,   0.155710
   26807,   0.340902,   0.924312,   0.163401
   26822,   0.342489,   0.921260,   0.178661
   26838,   0.341757,   0.916987,   0.179027
   26853,   0.339315,   0.916987,   0.162302
   26869,   0.335165,   0.914423,   0.166331
   26885,   0.323323,   0.911982,   0.145578
   26900,   0.324544,   0.928584,   0.131783
   26916,   0.323323,   0.929317,   0.117378
   26931,   0.321858,   0.932857,   0.115669
   26947,   0.315266,   0.937618,   0.129708
   26963,   0.298907,   0.937618,   0.169627
   26978,   0.290118,   0.980834,   0.178172
   26994,   0.304523,   0.988647,   0.186962
   27010,   0.314045,   0.973387,   0.170970
   27025,   0.323323,   0.965086,   0.140573
   27041,   0.330159,   0.966795,   0.115913
   27057,   0.323933,   0.975584,   0.107856
   27072,   0.310017,   0.994995,   0.102118
   27088,   0.295611,   0.957761,   0.121162
   27103,   0.272905,   0.957639,   0.126656
   27119,   0.265214,   0.992919,   0.143380
   27135,   0.243728,   1.007813,   0.135079
   27150,   0.226637,   0.982055,   0.123360
   27166,   0.219191,   0.966307,   0.124214
   27181,   0.189160,   0.980223,   0.109443
   27197,   0.161204,   0.987304,   0.104071
   27213,   0.135323,   0.979003,   0.104682
   27228,   0.108222,   0.974974,   0.099554
   27244,   0.089910,   0.955320,   0.101141
   27259,   0.061954,   0.952634,   0.098334
   27275,   0.031069,   0.962888,   0.099066
   27291,  -0.010316,   0.957639,   0.111152
   27307,  -0.052799,   0.976927,   0.113960
   27322,  -0.076482,   0.962888,   0.128243
   27338,  -0.093695,   0.981322,   0.123237
   27353,  -0.112495,   0.978514,   0.109687
   27369,  -0.130318,   0.961179,   0.099066
   27384,  -0.148386,   0.933468,   0.086492
   27400,  -0.175609,   0.906366,   0.074528
   27416,  -0.215406,   0.887078,   0.072209
   27431,  -0.245193,   0.930294,   0.063297
   27447,  -0.252762,   0.946774,   0.072087
   27463,  -0.259965,   0.936520,   0.073674
   27478,  -0.273637,   0.964842,   0.070866
   27494,  -0.295367,   0.969603,   0.070378
   27510,  -0.321248,   0.926265,   0.084417
   27525,  -0.354819,   0.891839,   0.092352
   27541,  -0.380211,   0.867546,   0.086004
   27556,  -0.396570,   0.833730,   0.065251
   27572,  -0.406458,   0.825185,   0.043643
   27587,  -0.405725,   0.859733,   0.024843
   27603,  -0.412440,   0.864249,   0.023256
   27619,  -0.432338,   0.856803,   0.031923
   27635,  -0.456510,   0.863395,   0.050479
   27650,  -0.472136,   0.828237,   0.046451
   27666,  -0.479216,   0.797595,   0.044864
   27681,  -0.499115,   0.772447,   0.026064
   27697,  -0.506562,   0.762070,   0.021669
   27713,  -0.514741,   0.760239,   0.030458
   27728,  -0.517305,   0.755722,   0.021181
   27744,  -0.511567,   0.738143,   0.019349
   27759,  -0.518281,   0.758408,   0.004212
   27775,  -0.524141,   0.786364,   0.032167
   27791,  -0.523775,   0.831289,   0.052554
   27806,  -0.532076,   0.847281,   0.052677
   27822,  -0.543063,   0.854361,   0.063664
   27838,  -0.546481,   0.834340,   0.065128
   27853,  -0.557468,   0.800769,   0.050357
   27869,  -0.564671,   0.800403,   0.023622
   27884,  -0.567356,   0.820912,   0.019593
   27900,  -0.570775,   0.813099,   0.035952
   27916,  -0.578465,   0.828481,   0.062321
   27931,  -0.601294,   0.865226,   0.089544
   27947,  -0.612037,   0.842764,   0.104926
   27963,  -0.610084,   0.790026,   0.097479
   27978,  -0.612159,   0.759751,   0.071721
   27994,  -0.604834,   0.760361,   0.030947
   28009,  -0.604712,   0.795031,   0.002014
   28025,  -0.596655,   0.822743,  -0.014588
   28041,  -0.602271,   0.793444,  -0.001282
   28056,  -0.609473,   0.766465,   0.031923
   28072,  -0.626198,   0.753037,   0.045230
   28087,  -0.624245,   0.738021,   0.067814
   28103,  -0.618263,   0.746567,   0.063786
   28119,  -0.616798,   0.739120,   0.027651
   28134,  -0.613380,   0.676616,   0.008851
   28150,  -0.611793,   0.588964,  -0.003113
   28166,  -0.607886,   0.545260,   0.010560
   28181,  -0.584447,   0.592382,   0.065983
   28197,  -0.549655,   0.711896,   0.074895
   28212,  -0.497528,   0.803089,   0.046939
   28228,  -0.446377,   0.828481,   0.014588
   28244,  -0.386193,   0.812000,   0.008118
   28259,  -0.312214,   0.797717,   0.035586
   28275,  -0.246292,   0.837026,   0.024232
   28291,  -0.173778,   0.915888,   0.040835
   28306,  -0.095404,   0.992675,   0.084539
   28322,  -0.027651,   1.042849,   0.132638
   28338,   0.014222,   1.067875,   0.150827
   28353,   0.068425,   1.078008,   0.151438
   28369,   0.113960,   1.083990,   0.119087
   28384,   0.167186,   1.089239,   0.088567
   28400,   0.210401,   1.100470,   0.101019
   28415,   0.236037,   1.097418,   0.126534
   28431,   0.244339,   1.089727,   0.131661
   28447,   0.248855,   1.079473,   0.116035
   28462,   0.265214,   1.053714,   0.086370
   28478,   0.287798,   1.021363,   0.071843
   28494,   0.293292,   0.994262,   0.065006
   28509,   0.281694,   0.965208,   0.062199
   28525,   0.256058,   0.927974,   0.066960
   28541,   0.236159,   0.935665,   0.086980
   28556,   0.231643,   0.935909,   0.086980
   28572,   0.232497,   0.934078,   0.078069
   28587,   0.243118,   0.952023,   0.068425
   28603,   0.247146,   0.966917,   0.084783
   28619,   0.225050,   0.963621,   0.110175
   28634,   0.217115,   0.940060,   0.115302
   28650,   0.222975,   0.912592,   0.110297
   28666,   0.232863,   0.923579,   0.102484
   28681,   0.262528,   0.950803,   0.097113
   28697,   0.294635,   0.959836,   0.065983
   28712,   0.321126,   0.945431,   0.048160
   28728,   0.342855,   0.920649,   0.039126
   28743,   0.356528,   0.902460,   0.050967
   28759,   0.360190,   0.908442,   0.072575
   28775,   0.367515,   0.912959,   0.085882
   28791,   0.372398,   0.905634,   0.088934
   28806,   0.371177,   0.890008,   0.086736
   28822,   0.385705,   0.871086,   0.077214
   28837,   0.415980,   0.854972,   0.048282
   28853,   0.439541,   0.848501,   0.035219
   28869,   0.448208,   0.869987,   0.008484
   28884,   0.463346,   0.886224,   0.018495
   28900,   0.470793,   0.889764,   0.058292
   28915,   0.455777,   0.894891,   0.105902
   28931,   0.414393,   0.954099,   0.105780
   28947,   0.479216,   0.948727,   0.110297
